Company Name,Experience With SBIR Program,Number of Employees,Is Woman Owned,Is Socially and Economically Disadvantaged,Is HUBzone Owned
AMBIHARV INC.,1,1,No,No,No
"ONECYTE BIOTECHNOLOGIES, Inc.",3,2,No,No,No
SCISCO GENETICS INC,3,N/A,No,No,No
(DCS) DIMENSIONAL CONTROL SYSTEMS,2,12,No,No,No
-9 2 -6.LLC,1,4,No,No,No
0 BASE DESIGN LLC,7,6,Yes,No,No
"0 DB CODING, INC.",1,1,No,No,No
"10 BLADE, INC.",2,N/A,No,No,No
"109 Therapeutics, Inc.",2,3,No,No,No
10dBx LLC ,1,1,No,No,No
1109 Bravo L.L.C.,2,5,No,No,No
"1442 S. FALLON STREET, LLC",1,2,Yes,Yes,Yes
149 Medical Inc.,2,5,No,No,No
1910 GENETICS INC.,1,1,Yes,No,No
"1HUDDLE, INC",4,36,No,No,No
1st Detect Corp,1,8,No,No,No
"1st Edge, LLC",2,18,No,No,No
1ST PLAYABLE PRODUCTIONS LLC,3,44,Yes,No,No
1st1 Technologies LLP,1,4,No,No,No
2 Circle Inc,2,43,No,No,No
20 20 Genesystems Inc,17,20,Yes,Yes,No
202 Group LLC,2,3,No,No,No
"2020 Company, LLC",2,49,No,Yes,No
214 Technologies Inc.,4,11,No,No,No
21MedTech LLC,1,5,Yes,No,No
"21st Century Medicine, Inc.",10,22,No,No,No
"21ST CENTURY SYSTEMS, INC.",106,9,No,No,No
"21ST CENTURY THERAPEUTICS, INC.",4,9,No,No,Yes
231 Sheep LLC,1,7,No,No,No
"23ANDME, INC.",8,236,Yes,No,No
"2B TECHNOLOGIES, INC.",13,14,No,No,No
"2CIMPLE, INC.",2,5,No,Yes,No
2enovate LLC,1,1,No,Yes,No
2g Enterprises,2,7,No,No,No
2LRESEARCH,7,2,No,Yes,No
"2morrow, Inc.",1,15,No,No,No
"2PHASE TECHNOLOGIES, INC.",6,14,No,No,No
2W ITech LLC,6,4,No,Yes,No
2witech Solutions LLC,2,3,No,Yes,No
2X4LAB LLC,1,3,No,No,No
"3 C CATTLE FEEDERS, INC.",2,1,No,No,No
"3 DEGREES OF SEPARATION, INC",1,5,No,No,No
3 H Company,3,5,No,Yes,No
"3 Phoenix, Inc.",53,178,No,No,No
"3 Sigma Research, Inc.",18,6,No,No,No
"3-C Institute for Social Development, Inc.",83,N/A,Yes,No,No
3-ONE-2,1,1,No,No,No
300 BELOW INC,3,5,No,No,No
"360FRESH, INC.",2,N/A,No,No,No
"361 Interactive, Llc",17,8,No,No,No
3AM INNOVATIONS INC,1,11,No,No,No
3BAR BIOLOGICS INC.,3,3,No,No,No
3c Semiconductors,2,2,No,No,No
"3c Systems, Inc.",8,3,No,No,No
3D AERIAL SOLUTIONS LLC,2,6,No,No,No
"3D Array Technology, LLC",4,2,No,No,No
"3D BIOMATRIX, INC.",1,0,No,No,No
"3D Biotek, LLC",3,3,No,Yes,No
3D Cloud LLC,2,4,No,No,No
3D CONSTRUCTION CO.,1,N/A,Yes,No,No
"3D Control Systems, Inc.",1,15,No,No,No
3D Educational Services Inc.,1,2,No,No,No
"3D Epitaxial Technologies, LLC ",1,3,No,No,No
"3D Glass Solutions, Inc. ",5,15,No,No,No
"3D Health Solutions, Inc.",1,1,No,No,No
"3D Imaging Drug Design and Development, LLC",2,8,No,Yes,No
3d Informatics,1,3,No,Yes,No
3D Microfluidics LLC,1,1,No,No,No
"3D Molecular Designs, LLC",9,36,Yes,No,No
3D PIPELINE SIMULATION CORP.,1,9,No,No,No
3D RESEARCH CORP.,2,112,Yes,Yes,No
3D TECHNOLOGY LABORATORIES,9,10,Yes,No,No
"3D-Computing, Inc.",3,3,No,No,No
3D-SensIR Inc,1,12,No,No,No
"3DB LABS, INC.",2,4,No,No,No
3DEO INC,2,8,No,No,No
"3DEO, Inc.",2,2,No,No,No
"3Derm Systems, Inc.",3,7,No,No,No
3DFlexible Inc,7,6,No,No,Unavailable
3DFortify Inc.,2,26,No,No,No
3dgeo Development Inc.,26,8,No,No,No
3dh Corporation,1,20,Yes,Yes,No
3DI (FORMERLY EARTH INFO SYS. CORP),1,N/A,No,No,No
"3DMD, LLC",2,0,No,No,No
"3DNOL, LLC",1,3,No,No,No
3DP Security Inc,1,2,No,No,No
3DSIM LLC,7,19,No,No,No
"3DT Holdings, LLC",23,8,No,No,No
"3DVIS TECHNOLOGIES, INC.",2,3,No,No,No
"3E TECHNOLOGIES INTERNATIONAL, INC.",40,411,No,No,No
"3F, LLC",5,4,No,No,No
3GCOM,1,1,No,Yes,No
3Gear Systems,1,1,No,No,No
"3GEN, LLC",2,N/A,No,No,No
"3Helix, Inc.",2,4,No,No,No
"3I Diagnostics, Inc.",2,5,No,No,No
"3i Nanotech, Inc.",1,1,No,No,No
3NEWABLE LLC,2,3,Yes,No,No
3P BIOTECHNOLOGIES,3,6,No,No,No
"3PrimeDx, Inc",1,6,No,No,No
"3RD MILLENNIUM, INC",5,N/A,No,No,No
3s Navigation (dba For,5,N/A,No,No,No
3SCAN INC.,1,38,No,No,No
3SRM INC.,3,2,No,No,No
"3T Technologies, LLC",1,2,No,No,No
3tech Corp,1,N/A,Yes,Yes,No
"3TEX, Inc.",43,41,No,No,No
"3Tier Environmental Forecast Group, Inc.",1,11,No,No,No
3TP IMAGING SCIENCES,1,N/A,No,No,No
"4 Cycle Technologies, Inc.",1,7,No,No,No
4 D Technology Corporation,8,36,No,No,No
"4-D IMAGING, INC.",1,3,No,No,No
4-Web Spine Inc.,2,2,No,No,No
4042 AI LLC,1,4,No,No,No
410 MEDICAL INC,3,19,No,No,No
422 Group,2,14,No,No,No
"42Bio, LLC",1,3,Yes,No,No
451 TECH L.L.C.,1,16,No,No,No
490 BIOTECH INC,11,8,No,No,Yes
"4CS BREEDING TECHNOLOGIES, INC.",1,2,No,No,No
4D Forge LLC,1,4,Yes,Yes,No
"4D MAKER, LLC",1,1,Yes,No,No
"4D TECH SOLUTIONS, INC.",5,21,No,No,No
4D Teleport Technologies,1,4,No,No,No
4D VALUE ADDED SOLUTIONS TEAM,1,1,No,No,No
"4DGENOME, INC.",1,5,No,No,No
4DVideo,2,4,No,No,No
"4E THERAPEUTICS, INC.",2,2,No,No,No
"4EMPOWERMENT.COM, INC.",1,5,Yes,No,No
"4pi Analysis, Inc.",5,N/A,No,No,No
4POWER LLC,2,3,No,No,No
"4S - SILVERSWORD SOFTWARE AND SERVICES, LLC",8,10,No,Yes,Yes
4TH PHASE WATER TECHNOLOGIES LLC,1,2,No,No,No
4th Wave Imaging Corporation,12,7,No,No,No
4th-Phase Inc,1,8,No,No,No
"4WAVE, INC.",3,11,No,No,No
"4WIND SCIENCE AND ENGINEERING, LLC.",2,2,No,Yes,No
"4WIND TECHNOLOGIES, INC.",1,2,No,No,No
"5 Point App, Inc.",1,3,No,No,No
"5, Inc. (full Immersion",2,3,Yes,No,No
"5-D SYSTEMS, INC.",12,37,No,No,No
"525 Solutions, Inc.",5,2,No,No,Yes
"5D Robotics, Inc.",3,22,No,No,No
"5M BIOMED, LLC",3,10,No,No,No
"5ME, LLC",1,36,No,No,No
5VS LLC,1,5,No,No,No
6crickets Inc.,1,10,Yes,Yes,No
6K INC,7,43,No,No,No
7 Hills Pharma LLC,7,1,No,No,No
712 North Inc.,1,1,No,No,No
"7Solar Technologies, Inc.",1,4,No,No,No
8VA Corporation,2,3,No,No,No
911 SECURITY CAMERAS,1,24,No,No,No
A &amp; D Assoc.,2,4,No,No,No
A &amp; E Associates,2,N/A,No,No,No
"A &amp; H STABILITAS VENTURES, INC.",2,8,No,No,No
A &amp; J Manufacturing Co.,1,48,No,No,No
"A &amp; O, Inc.",1,N/A,No,No,No
A &amp; P TECHNOLOGY,6,180,No,No,No
A and D Assay,2,N/A,No,No,No
"A B TECHNOLOGIES, INC.",1,20,No,Yes,No
"A CARROT, INC. WHICH WILL DO BUSINESS IN CALIFORNIA AS ACARROT.AI",1,3,No,No,No
A E RESOURCES INC,1,3,No,No,No
A J Mulac,1,N/A,No,No,No
A J RHEM &amp; ASSOCIATES INC,1,10,No,Yes,No
"A P Ventures, LLC",1,48,Yes,Yes,No
"A T A, LLC",2,40,No,No,No
A Woman&#039;s Health Concern,2,N/A,No,No,No
"A&amp;G PHARMACEUTICAL, INC.",15,27,No,No,No
A&amp;Q NanoDesigns,1,N/A,No,No,No
A&#039;as Inc.,1,1,Yes,Yes,No
"A-Alpha Bio, Inc.",3,5,No,No,No
"A-B-Sea Research, Inc.",1,3,No,Yes,No
"A-P-T Research, Inc.",1,180,No,No,No
A-TECH CORPORATION,104,280,No,No,No
A. BROWN DESIGN,4,1,No,No,No
A. P. PHARMA,1,N/A,No,No,No
A.i. Technology Inc,3,10,No,No,No
A.J. Boggs and Company,3,N/A,No,No,No
"A.J. Devaney Assoc., Inc.",3,4,No,No,No
A.k. Engineering,2,3,No,No,No
A.M. Todd Company,1,N/A,No,No,No
"A.T.E. SOLUTIONS, INC.",3,3,No,No,No
"A.U. Software, Incorporated",6,N/A,No,No,No
"A.W. CAIN &amp; COMPANY, INC.",2,1,No,No,No
A/C &amp; Mechanical Services Corp,3,N/A,No,Yes,No
A/g Technology Corp.,6,N/A,No,No,No
A/s/k Associates,2,N/A,No,No,No
A1-chem Fuels Inc.,2,N/A,No,No,No
A10 Systems LLC,5,3,No,Yes,No
A123 Systems,2,N/A,No,No,No
A2 TECHNOLOGIES,1,21,No,No,No
A2 Therapeutics Inc.,1,1,No,Yes,No
A2Z TECHNOLOGIES CORP.,3,N/A,No,No,No
AA Plasma LLC,10,7,No,No,No
"AAAA Energy Enterprises, Inc.",1,1,No,No,No
"AAAS SCIENCE PUBLICATIONS, INC.",3,N/A,No,No,No
AAC,1,N/A,No,No,No
AAC International,11,4,No,Yes,No
"AADI, LLC",2,1,No,No,No
"AAKEN LABORATORIES, INC.",2,3,No,No,No
"AARDEN PHARMACEUTICALS, INC.",1,2,No,No,No
Aarno Labs LLC,4,12,No,No,No
Aasa Inc,1,7,No,No,No
"Aastrom Biosciences, Inc.",24,N/A,No,No,No
Aavishkar LLC,1,1,Yes,Yes,No
AAVOGEN INC,2,1,Yes,No,No
"Abacus Controls, Inc.",7,N/A,No,No,No
"ABACUS DIAGNOSTICS SYSTEMS, INC.",2,N/A,No,No,No
"ABACUS HEALTH SOLUTIONS, LLC",15,35,No,No,No
Abacus Programming Corp,2,62,No,No,No
"Abalone Bio, Inc.",6,5,No,No,No
Abamis IT Solutions,1,3,No,Yes,No
Abanti Research And Develment,1,1,Yes,No,No
Abaris,14,N/A,No,No,No
"ABASTAR MDX, INC.",1,0,No,No,No
Abbott Ball Company,2,71,No,No,No
Abbott on Call Inc,2,16,Yes,No,No
Abceutics,1,2,No,No,No
Abcombi Biosciences Inc ,4,3,No,No,No
"Abcuro, Inc.",1,2,No,No,No
"ABD BIOQUEST, INC.",1,N/A,Yes,No,Yes
ABE BELKIND &amp; ASSOC.,2,1,No,No,No
Abeam Technologies Inc.,12,19,No,No,No
Abek Inc.,1,N/A,No,No,No
Abel Company,22,N/A,No,No,No
Abela Laser Systems,2,N/A,No,No,No
ABEOME CORPORATION,6,2,No,No,No
"ABGENIX, INC.",2,N/A,No,No,No
Abi,1,7,No,No,No
"ABID, INC.",1,0,No,No,No
AbiliLife Inc.,1,2,No,No,No
"ABILITA BIO, INC.",4,8,No,No,No
"Abilitech Medical, Inc.",1,4,Yes,Unavailable,Unavailable
Ability Engineering Technology,1,N/A,Yes,No,No
ABILITY INTERACTIVE LLC,1,1,No,No,No
"ABIOMED, INC.",64,N/A,No,No,No
"Abj Integration Technologies,",3,2,Yes,No,No
ABL ENGINEERING LLC,1,3,No,No,No
ABL Space Systems Company,3,95,No,No,No
"ABLATION NUMERICS, INC.",1,0,No,Yes,No
Ablaze Development Corporation ,5,5,No,No,No
"ABLAZE SYSTEMS, LLC",1,2,No,No,No
ABLELINK TECHNOLOGIES INC,63,N/A,No,No,Yes
"Ablitech, Inc.",2,4,No,No,Yes
ABM,1,3,Yes,No,No
"AbM Engineering, LLC",1,4,Yes,No,Yes
ABN,7,18,No,No,No
"Abom, Inc.",2,8,No,No,Yes
"ABOVE FITNESS PRODUCTS, LTD",1,N/A,No,No,No
"ABQMR, INC.",4,N/A,No,No,No
"Abram Scientific, Inc.",3,1,No,No,No
ABRATECH CORPORATION,37,N/A,No,No,No
"Abraxis, Inc.",7,15,No,Yes,No
"ABREOS BIOSCIENCES, INC.",11,N/A,No,No,No
"Abri Science, LLC",1,2,No,No,Yes
ABRICATE INC.,1,3,No,Yes,No
Abs Materials Inc.,7,22,No,No,No
"Absolute Nano, LLC",1,3,No,No,No
ABSORPTION SYSTEMS LLC,2,N/A,No,No,No
ABSTRACT ENGINEERING LLC,2,1,No,No,No
"abSynapTex, LLC",1,3,No,No,No
Abt Associates Inc.,2,N/A,No,No,No
ABT Molecular Imaging,2,42,No,No,No
ABTECH CORPORATION,40,N/A,No,No,No
"ABTECH INDUSTRIES, INC.",1,16,No,No,No
"Abtelum Biomedical, Inc. ",1,3,No,No,No
"ABTERRA BIOSCIENCES, INC.",11,9,No,No,No
"Abwiz Bio, Inc.",2,8,No,No,No
"Abzyme Therapeutics, LLC",21,8,No,No,No
"AC DIAGNOSTICS, INC.",5,1,No,No,No
"AC Global Risk, Inc.",3,20,No,No,No
"AC MATERIALS, INC.",7,5,Yes,No,No
"Aca Industries, Inc.",5,N/A,No,No,No
"ACACIA BIOSCIENCES, INC.",5,N/A,No,No,No
"ACADEMIC EDGE, INC.",22,N/A,No,No,No
Academic Pharmaceuticals Inc,6,3,No,No,No
ACADEMIC RESEARCH ENTERPRISES,1,N/A,No,No,No
"ACADEMIC SOFTWARE, INC.",15,N/A,No,No,No
Academic Success For All Learners,2,7,No,No,No
"Acadia Optronics, Llc",19,10,No,No,No
"ACADIA PHARMACEUTICALS, INC.",3,0,No,No,No
Acadian,1,2,No,No,No
ACADIAN RESEARCH &amp; DEVELOPMENT LLC,2,3,No,No,No
"ACADUCEUS PHARMACEUTICS, INC.",3,N/A,Yes,No,No
"ACAMBIS, INC.",1,N/A,No,No,No
"Acanthus, Inc",1,5,No,No,No
ACATECHOL INC,1,2,No,No,No
Accacia International LLC,11,2,No,No,No
Accel Catalysis Inc.,7,N/A,No,No,No
"ACCEL DIAGNOSTICS, LLC",8,5,Yes,Yes,Yes
Accel Software Engineering,2,3,No,No,No
ACCEL-RF CORPORATION,5,15,No,No,No
"ACCELALOX, INC.",1,0,No,No,No
ACCELERATE WIND INC,2,6,Yes,No,No
"Accelerated AG Technologies, LLC",3,9,No,No,No
"Accelerated Data Works, Inc.",2,12,No,No,No
"ACCELERATED MEDICAL DIAGNOSTICS, INC",4,0,No,No,No
Accelerated Processors Inc.,2,N/A,No,No,No
Acceleration Consultants Inc,1,N/A,Yes,No,No
ACCELERATIONS EDUCATIONAL SOFTWARE,4,N/A,No,No,No
Accelerator Technology Corporation,19,4,No,No,No
Accelereyes LLC,8,10,No,No,No
Accelergy Corporation,1,8,No,No,No
"Accelero Biostructures, Inc.",2,3,No,No,No
"Accelevir Diagnostics, LLC",11,5,Yes,No,No
"Accelogic, LLC",25,36,No,No,No
"Accent Assays, Inc.",1,4,No,No,Yes
"ACCENTS ON HEALTH, INC.",11,20,Yes,No,No
"ACCESS BIO, INC.",6,9,No,Yes,No
"ACCESS CONSULTING INTRNTL, INC.",1,N/A,No,No,No
"Access Dynamics, Inc.",1,1,No,No,No
"ACCESS OPTICAL NETWORKS, INC.",1,9,No,Yes,No
"ACCESS PHARMACEUTICALS, INC.",2,28,No,No,No
Access Sensor Technologies LLC,14,7,No,No,No
Access Tech,1,1,No,No,No
"Access To Recreation, Inc.",1,N/A,No,No,No
Access/Abilities,1,N/A,No,No,No
AccessData Corporation,2,140,No,No,No
"ACCESSIBLE DESIGNS, INC.",5,N/A,No,No,No
"Accessible Designs-Adjustable Systems, Inc.",2,N/A,No,No,No
Accessible Designs/Adjustable,6,N/A,No,No,No
ACCESSWORKS CORPORATION,1,3,No,Yes,No
Accident Prevention Group,5,N/A,No,No,No
"Accio Energy, Inc.",1,3,Yes,No,No
Accion Systems Inc,2,49,No,No,No
"Accipiter Systems, Inc",8,5,No,No,No
"ACCIUM BIOSCIENCES, INC.",1,N/A,No,No,No
ACCLAIM BIOTECHNOLOGY,1,N/A,No,No,No
"Acclima, Inc.",4,10,No,No,No
"ACCORD BIOMATERIALS, INC.",2,N/A,No,No,No
"ACCORD SOLUTIONS, INC",10,4,Yes,No,No
"ACCOUNTABILITY SOLUTIONS, INC.",2,0,Yes,No,No
"Accsys Technology, Inc.",19,N/A,No,Yes,No
"Acctek Associates, Inc.",6,1,No,No,No
"ACCU MEASUREMENT AND TESTING, INC.",1,4,Yes,Yes,No
"Accu-sort Systems, Inc.",1,24,No,No,No
"Accu-weather, Inc.",1,N/A,No,No,No
"AccuBreath, Inc.",1,2,No,No,No
Accudava,1,2,Yes,No,No
"ACCUDYNE SYSTEMS, INC.",12,30,No,No,No
"ACCUER, INC.",1,4,No,No,No
ACCUGENOMICS,1,7,No,No,No
Accuhealth Technologies,1,6,Yes,Yes,No
"ACCULASER, INC.",1,4,No,No,No
"ACCUMED SYSTEMS, INC.",3,N/A,No,No,No
"Accumetrics Assoc., Inc.",1,17,No,No,No
AccuPS LLC,1,2,No,No,No
ACCURATE ASSESSMENTS,1,N/A,No,No,No
ACCURATE AUTOMATION CORPORATION,138,12,No,No,No
Accurate Environmental LLC,1,55,No,No,No
ACCURATE SOLUTIONS IN APPLIED PHYSICS LL,2,4,No,No,No
Accuray Incorporated,3,460,No,No,No
ACCURE HEALTH INC,1,4,No,No,No
"Accure Medical, LLC",1,3,Yes,No,No
Accuronix Therapeutics Inc,2,3,No,No,No
"AccuShoot, Inc.",1,4,No,No,No
"Accusol, Inc.",1,2,No,No,No
"Accustrata, Inc.",14,6,No,No,No
Accuwave Corp.,21,N/A,No,No,No
ACE Running LLC,2,2,No,No,No
"ACEA Biosciences, Inc.",1,0,No,No,No
Acel Inc,1,10,No,No,No
"Acelerox, LLC",1,2,No,No,No
"ACELL, INC.",13,N/A,No,No,No
"ACELLENT TECHNOLOGIES, INC",69,20,Yes,Yes,No
"Acelot, Inc.",7,2,No,No,No
ACENT LABORATORIES LLC,11,16,No,No,No
"Acenta Discovery, Inc.",7,N/A,No,No,No
ACENTECH INCORPORATED,22,50,No,No,No
"ACENTECH, INC.",3,45,No,No,No
"Acenxion Biosystems, Inc.",1,2,No,No,No
"AcePre, LLC",4,7,No,No,No
"ACERA BIOSCIENCES, INC.",5,N/A,No,No,No
"ACES QC, LC",3,5,No,No,No
Aces Research LLC,1,N/A,No,No,No
"Aceso Plasma, LLC",2,2,No,No,No
"Acetaminophen Toxicity Diagnostics, LLC",3,N/A,No,No,No
"ACETYLON PHARMACEUTICALS, INC.",1,0,No,No,No
"ACG, LLC",2,11,No,No,No
ACHERX LLC,1,2,No,No,No
"ACHEVE TECHNOLOGY, INC.",1,0,No,No,No
"ACHIEVE LIFE SCIENCES, INC.",1,13,No,No,No
"Achillea Research, Inc.",1,1,No,No,No
"Achilles Heel Technologies, Inc",3,15,No,No,No
"Achillion Pharmaceuticals, Inc.",2,N/A,No,No,No
ACHRONIX SEMICONDUCTOR LLC,1,5,No,No,No
Aci Technologies Inc,4,55,No,No,No
"ACIONT, INC.",7,N/A,No,No,No
Ackrad Laboratories Inc,1,N/A,No,No,No
"ACLARA BIOSCIENCES, INC.",1,N/A,No,No,No
"ACLARIS MEDICAL, LLC",2,0,No,No,No
Aclarity LLC,2,2,Yes,No,No
"ACME ATRONOMATIC, LLC",1,35,No,No,No
"Acme Express, Inc.",8,4,No,No,Yes
ACME GENERAL CORP,1,12,No,No,No
Acom Microwave,1,N/A,No,No,No
"Acomhal Research, Inc.",2,2,No,No,No
"Acorda Therapeutics, Inc.",12,N/A,No,No,No
Acorn Nmr,1,N/A,No,No,No
"Acorn Science &amp; Innovation, Inc.",4,20,No,No,No
Acoustech Corporation,6,2,No,No,No
"Acoustic Biosystems, Inc.",3,3,No,No,No
Acoustic Cytometry Systems,1,6,No,No,No
Acoustic Emission Technology,1,N/A,No,No,No
"ACOUSTIC IDEAS, INC.",9,2,No,No,No
"ACOUSTIC MEDSYSTEMS, INC.",17,0,No,No,No
"Acoustic Range Estimates, LLC",1,1,Yes,No,No
"ACOUSTIC STRATEGIES, INC.",1,6,No,No,No
ACOUSTIC THERAPEUTICS,1,N/A,No,No,No
Acoustical Research &amp; Applicat,3,1,No,No,No
AcoustiComm,1,3,No,No,No
ACOUSTX CORPORATION,1,N/A,No,No,No
"ACP SEMICONDUCTOR, INC.",1,2,No,No,No
ACPHARIS,8,2,No,No,No
ACREE TECHNOLOGIES INCORPORATED,52,15,No,No,No
"Acrigen Biosciences, Inc.",3,4,No,No,No
"Acrion Technologies, Inc.",6,N/A,No,No,No
"Acroamatics, Inc.",1,31,No,No,No
ACROMETRIX CORPORATION,1,N/A,No,No,No
Acrow Corporation Of America ,1,320,No,No,No
"ACRYMED, INC.",9,N/A,No,No,No
"ACSILABS, INC.",1,5,No,No,No
Acsiom Labs Inc.,1,N/A,No,No,No
"Acsist Associates, Inc.",1,15,No,No,No
Act Inc,1,12,No,No,No
ACT Research Corporation,8,5,No,Yes,No
"ACTA SBIR Holdings, LLC",1,4,No,No,No
ACTA Technology,2,5,No,No,No
"ACTA, LLC",48,30,No,No,No
"ACTALITY, INC.",5,1,No,No,No
Actasys Inc.,2,6,No,No,No
"ACTIBIOMOTION, LLC",1,5,No,No,No
ACTIMATOR LLC,1,1,No,No,No
"Actinic, Inc.",2,N/A,No,No,No
"Actinium Pharmaceuticals, Inc.",1,29,No,No,No
ACTINIX,4,3,No,No,No
"Actinobac Biomed, Inc.",2,1,No,No,No
Action Management Corpon,1,N/A,No,No,No
"Activ Sitting, Inc.",2,4,No,No,No
Activ Surgical Inc,1,6,No,No,No
"Activas Diagnostics, LLC",2,4,Yes,No,No
"Activated Cell Therapy, Inc.",1,N/A,No,No,No
"Activated Research Company, LLC ",3,7,No,No,No
"ACTIVATOR METHODS INTERNATIONAL, LTD",1,N/A,No,No,No
"Activator Methods, Inc.",1,N/A,No,No,No
Active Artz,1,N/A,Yes,No,No
"Active Control eXperts, Inc.",25,45,No,No,No
"Active Decision Support, Ltd.",1,N/A,Yes,No,No
"Active Devices, Inc.",1,2,No,No,No
Active E-o Systems Inc,1,1,No,No,No
ACTIVE ENERGY SYSTEMS INC,4,3,No,No,No
"Active Impulse Sys, Inc.",2,N/A,No,No,No
Active Joint Venture,1,N/A,No,No,No
"Active Layer Parametrics, Inc.",3,3,No,No,No
"Active Life Scientific, Inc.",2,6,No,No,No
"Active Motif, Inc.",21,62,No,No,No
Active Optoelectronics,1,3,No,No,No
"Active Parallel Instrumentation, Inc",2,4,No,No,No
"ACTIVE SHOCK, INC.",5,4,No,No,No
"Active Signal Technologies, Inc.",38,8,No,No,No
"Active Spectrum, Inc.",17,5,No,No,No
Active Technologies Inc.,2,80,No,No,No
Active Therapy Systems LLC,2,1,No,No,No
"ACTIVE WAVE, INC.",1,0,No,No,No
"ACTIVE4D, INC.",1,1,No,No,No
Actively Learn Inc.,2,6,No,No,No
ACTIVEMEMS LLC,1,1,No,No,No
ACTIVESITE BIOTECH,4,N/A,No,No,No
"ActiveSite Pharmaceuticals, Inc.",3,2,No,No,No
Activity Research Services,4,3,No,No,No
Activity Rhythm Solutions Corporation,1,3,No,No,No
"Activsignal, LLC.",2,3,No,No,No
ACTIVX BIOSCIENCES,4,N/A,No,No,No
Acton Associates,1,N/A,No,No,No
Acton Research Corp.,2,N/A,No,No,No
Actoprobe LLC,6,3,No,No,No
"ACTORIUS PHARMACEUTICALS, LLC",1,2,No,No,No
Actovos LLC,2,1,No,No,No
Actran Systems Inc,1,20,No,No,No
"ACTUALITY SYSTEMS, INC.",1,9,No,No,No
Actualize Therapy LLC,1,3,No,No,No
Actuarial Forecasting And,2,N/A,No,No,No
Actuarial Research Corporation,6,N/A,No,No,No
"ACTUATED MEDICAL, INC.",44,22,Yes,No,No
"ACUCELA, INC.",2,N/A,No,No,No
AcuDisplay,1,4,No,No,No
Acuitus Inc. ,1,41,No,No,No
Acuity Imaging Inc,10,N/A,No,No,No
"ACUITY TECHNOLOGIES, INC.",12,7,No,No,No
ACUITYBIO CORPORATION,1,0,No,No,No
Aculight Corporation,144,87,No,No,No
"ACULUS, LLC",1,0,Yes,No,No
ACUMEN CONSULTING,4,1,No,No,No
Acumen Engineering And,2,N/A,No,No,No
"Acumen Pharmaceuticals, Inc ",4,4,No,No,No
"Acumen, LLC",11,326,No,No,No
"Acumentrics Rups, LLC",1,79,No,No,No
"ACURA PHARMACEUTICALS, INC.",1,15,No,No,No
AcuraStem Inc.,4,4,No,No,No
AcureX Therapeutics Corporation,1,6,No,No,No
"ACUSOFT, INC.",7,26,Yes,Yes,No
ACXEND,1,0,No,No,No
Ad Harmony,2,2,No,No,No
Ad Inter,1,N/A,No,No,No
"Ada Digital Systems, Inc",2,N/A,No,Yes,No
Ada Software Engineering Tools,1,N/A,No,No,No
"ADA TECHNOLOGIES, INC.",272,21,No,No,No
"Ada Technology Group, Inc.",1,N/A,No,Yes,No
"ADA-ES, Inc.",2,120,No,No,No
"ADAM AEROSPACE CO., LLC",1,3,No,No,No
"ADAM INSTRUMENT CO., INC.",4,3,No,No,No
Adam Spence Corpon,1,N/A,No,No,No
"Adamas Nanotechnologies, Inc.",5,1,No,No,No
"AdamLab, LLC",1,N/A,No,No,No
Adams Consulting Services,1,N/A,No,No,No
ADAP Nanotech LLC,1,2,No,No,No
"adapt laser systems, LLC",1,2,No,No,No
"Adaptech, Inc.",1,N/A,No,No,No
ADAPTELLIGENCE LLC,1,2,No,No,No
Adaptive 3D Technologies LLC,3,29,No,No,No
ADAPTIVE AEROSPACE GROUP INC,2,10,No,No,No
ADAPTIVE BIOTECHNOLOGIES CORPORATION,7,0,No,No,No
Adaptive Cognitive Systems,8,4,No,No,No
Adaptive Communications Research Inc.,2,5,Yes,No,No
Adaptive Computation LLC,2,4,No,No,No
"Adaptive Computer Systems,",2,N/A,No,No,No
Adaptive Corporation,1,22,No,No,No
ADAPTIVE DIGITAL TECHNOLOGIES,1,11,No,No,No
"ADAPTIVE DYNAMICS, INC.",18,9,No,No,No
ADAPTIVE ENERGY LLC,5,25,No,No,No
"Adaptive Equipment, Inc.",1,N/A,Yes,Yes,No
"Adaptive Health, Inc.",1,3,No,No,No
Adaptive Intelligence Corporation,1,6,No,No,No
ADAPTIVE INTELLIGENT SYSTEMS,6,5,No,No,No
Adaptive Machine Technologies,3,N/A,No,No,No
"ADAPTIVE MATERIALS, INC.",9,38,Yes,No,No
"ADAPTIVE METHODS, INC.",94,77,No,No,No
Adaptive Micro-Ware Inc.,1,20,No,No,No
Adaptive Network Solutions,1,N/A,No,No,No
"ADAPTIVE PHAGE THERAPEUTICS, INC.",1,N/A,Unavailable,Unavailable,Unavailable
Adaptive Process Technologies,1,N/A,No,No,No
"Adaptive Radio Technologies, LLC",1,4,No,No,No
Adaptive Research Corp.,2,N/A,No,No,No
"Adaptive Robotics, Inc.",2,N/A,No,No,No
Adaptive Sensors Inc.,16,4,No,No,No
"ADAPTIVE SENSORY TECHNOLOGY, LLC",1,1,No,No,No
"Adaptive Software, Inc.",1,4,No,No,No
Adaptive Solutions Inc.,4,N/A,No,No,No
"Adaptive Surface Technologies, Inc.",2,10,No,No,No
"Adaptive Systems, LLC",2,2,No,No,No
"Adaptive Technologies, Inc.",33,35,No,No,No
"Adaptive Technology Consulting, LLC",2,1,No,No,No
Adaptive Technology Solutions,1,N/A,No,No,No
"Adaptive Technology, Inc.",6,12,No,No,No
"Adaptive Testing Technologies, Inc.",2,10,No,No,No
"ADAPTIVE THERAPEUTICS, INC.",1,N/A,No,No,No
"ADAPTIVEPHARMA, LLC",1,1,No,No,No
"Adaptronics, Inc.",2,4,No,No,No
"Adaptrum, Inc.",2,25,No,No,No
"ADARZA BIOSYSTEMS, INC.",5,N/A,No,No,No
"ADAS, LLC",2,N/A,No,No,No
Adastra Labs LLC,1,5,Yes,No,No
"Adastral , LLC",3,2,No,No,No
ADC Acquisition Co. dba Automated Dynamics,28,32,No,No,No
"ADCOM SYSTEMS TECHNOLOGY,INC.",8,6,No,No,No
"Add-vision, Inc.",5,15,Yes,Yes,Yes
"Addax, Inc.",1,36,No,No,No
"ADDIGURU, LLC",3,3,No,Yes,No
"Additive Engineering Solutions, LLC",2,12,No,No,Yes
Additive Manufacturing Innovations LLC,4,2,Yes,No,No
Additive Monitoring Systems LLC,1,1,No,No,No
Addmaster Corp.,2,65,No,No,No
"AdductNE, LLC",1,2,No,No,Unavailable
ADDX CORPORATION,2,100,No,No,No
Ade Corp.,2,N/A,No,No,No
ADECTO PHARMACEUTICALS INC,3,3,Yes,No,No
"ADELOS, INC",2,5,No,No,No
ADELPHI TECHNOLOGY INC,114,18,No,No,No
"Adelphi Technology, LLC",1,4,No,No,No
Adelsys Inc,1,3,No,No,No
ADENOPAINT LLC,1,1,No,No,No
"ADENOSINE THERAPEUTICS, LLC",33,N/A,No,No,No
"Adept Analytics, LLC",1,2,No,No,No
Adept Ic Design,1,40,No,No,No
"Adept Systems, Inc.",5,10,No,No,No
"Adeptas, Inc.",3,N/A,No,No,No
Adeptdc Co.,1,1,No,Yes,No
"ADEPTECH SYSTEMS, INC.",1,8,No,Yes,No
"ADEPTHERA, LLC",8,1,No,No,No
ADEPTRIX CORP.,4,5,No,No,Yes
ADESTO TECHNOLOGIES,2,15,No,No,No
Adeza Biomedical Corpon,4,N/A,No,No,No
Adgero Biopharmaceuticals Holdings Inc,1,4,No,No,No
"Adhaere Pharmaceuticals, Inc.",1,1,Yes,Yes,No
ADHERELY LLC,1,3,No,No,No
Adherence Technologies Corp.,6,N/A,No,No,No
"Adherent Technologies, Inc.",91,12,No,No,No
"Adi - Displays Consulting, LLC",1,1,No,No,No
ADIABATICS INCORPORATED,32,8,No,Yes,No
"ADIABATICS, INC.",2,N/A,No,No,No
Adian Engineering Corp.,7,N/A,Yes,Yes,No
"ADIANT TECHNOLOGY, INC.",1,3,No,Yes,No
"Adicep Technologies, Inc.",3,6,No,No,No
Adient Medical Inc.,2,2,No,No,No
Adinstruments,1,N/A,No,No,No
"ADIPO THERAPEUTICS, LLC",1,1,No,No,No
"ADIPOGENIX, INC.",8,N/A,No,No,No
Adirondack Analytics,2,1,No,No,No
"Adjoint Technologies, LLC",1,1,No,No,No
ADJUVANCE TECHNOLOGIES INC.,5,N/A,Unavailable,Unavailable,Unavailable
"ADK Group, LLC",1,45,No,No,No
"Adler Consultants, Inc.",8,5,No,No,No
"Adlumin, Inc.",1,21,No,No,No
"ADLYFE, INC.",6,10,No,No,No
"Adm Diagnostics, Inc.",4,6,No,No,No
"ADMUNEX THERAPEUTICS, INC.",1,N/A,No,No,No
"ADNOVIV, INC.",3,6,No,No,No
ADOLF MELLER COMPANY,2,50,No,No,No
ADOLOR CORPORATION,5,N/A,No,No,No
"ADOPTECH, INC.",3,5,No,No,No
Adranos Energetics LLC,1,3,No,No,No
Adranos Inc,3,20,No,No,No
Adrenaline Mobility,1,3,No,No,No
"ADRENALINE RESEARCH, INC.",1,7,No,No,No
Adroit Materials,24,4,No,No,No
"Adroit Systems, Inc.",49,15,No,No,No
"ADS Technoogies, Inc.",1,N/A,No,No,No
"AdSem, Inc.",2,2,No,No,No
"Adsys Controls, Inc.",15,16,No,No,No
"ADT Pharmaceuticals, LLC",4,2,No,No,No
"ADTECH NEPTH, INC.",1,N/A,No,Yes,No
AdTech Optics Inc.,2,19,No,No,No
"Adtech Photonics, Inc.",9,25,Yes,No,No
ADTECH SYSTEMS RESEARCH INC,19,58,Yes,Yes,No
Adults Health &amp; Dev Programs,1,N/A,No,No,No
ADURO BIOTECH,3,0,No,No,No
Adv Countermeasure Sys,7,N/A,No,No,No
Adv Materials Innovations,1,1,Unavailable,Unavailable,Unavailable
Adv Process Combinat,3,N/A,No,No,No
Adv. Engineering And Research,2,15,No,No,No
"ADVA-TEC, INC.",1,1,No,No,No
ADVAC LLC,2,1,No,No,No
Advac Therapeutic LLC,1,3,No,Unavailable,No
Advaita Corporation,7,8,No,No,No
"Advalue Photonics, Inc.",65,30,No,Yes,No
ADVALUE TECHNOLOGY LLC,2,3,No,No,No
"ADVANCE MATERIALS PRODUCTS, INC",4,5,No,No,No
Advance Ratio Design Co Inc,1,19,No,No,No
"Advance, Inc.",2,26,No,Yes,No
Advanced &amp; Innovative Multifunctional Materials LLC,2,2,No,Unavailable,No
"Advanced Acoustic Concepts, Inc.",31,200,No,No,No
Advanced Aircraft Company LLC,1,8,No,No,No
"Advanced Algorithms &amp; Systems, LLC",1,1,No,Yes,No
Advanced Allergy Res Ctrs Inc,1,N/A,No,No,No
"Advanced Analytical Technologies, Inc.",1,N/A,No,No,No
"Advanced Analyzer Labs, Inc. ",2,2,No,Yes,No
"Advanced Animal Diagnostics, Inc.",1,34,No,No,No
ADVANCED ANTI-TERROR TECHNOLOGIES CORP,15,12,No,No,No
Advanced Applications,6,N/A,No,Yes,No
Advanced Applied Technology,1,8,No,No,No
Advanced Avionics Incorporated,8,13,No,No,No
Advanced Bioconversion Technologies,2,N/A,No,No,No
"ADVANCED BIODEVICES, LLC",2,2,No,No,No
ADVANCED BIOENGINEERING TECHNOLOGIES,1,N/A,No,No,No
"ADVANCED BIOLOGICAL MARKETING, INC.",4,25,No,No,No
ADVANCED BIOLOGICAL TECHNOLOGIES,1,N/A,Yes,No,No
ADVANCED BIOMEDICAL ASSAYS,1,N/A,Yes,Yes,No
"ADVANCED BIOMEDICAL INFORMATICS GROUP, L.L.C.",3,4,No,No,No
ADVANCED BIOMEDICAL MACHINES INC.,2,1,No,No,No
Advanced Biomedical Monitoring,3,N/A,No,No,No
ADVANCED BIONICS CORPORATION,8,N/A,No,No,No
ADVANCED BIOSENSORS INC,1,2,No,No,No
"Advanced Biotechnology, Inc.",1,N/A,No,No,No
"ADVANCED BIOTHERAPIES, INC.",1,N/A,No,No,No
Advanced Blood Component,1,N/A,No,No,No
"ADVANCED BRAIN MONITORING, INC.",43,44,No,No,No
"ADVANCED BREATH DIAGNOSTICS, LLC",2,N/A,No,No,No
Advanced Cae Technology Inc.,3,N/A,No,No,No
"ADVANCED CANCER THERAPEUTICS,  LLC",1,0,No,No,No
"ADVANCED CELL DIAGNOSTICS, INC.",6,56,No,No,No
"ADVANCED CERAMETRICS, INC.",16,24,No,No,No
"ADVANCED CERAMIC FIBERS, L.L.C.",8,7,No,No,No
Advanced Ceramic Research,1,N/A,No,No,No
Advanced Ceramics Corp.,2,N/A,No,No,No
"ADVANCED CERAMICS MANUFACTURING, LLC",31,12,No,Yes,No
"ADVANCED CHEMICAL SYSTEMS, INC.",2,8,No,No,No
"Advanced Chemotherapy Technologies, Inc.",3,3,No,No,No
"ADVANCED CIRCULATORY SYSTEMS, INC.",18,N/A,No,No,No
Advanced Clinical Products Inc,1,N/A,No,No,No
"Advanced Cmp Products, Inc.",4,10,No,No,No
Advanced Coatings International,1,10,No,No,No
"ADVANCED COCHLEAR SYSTEMS, INC.",11,N/A,No,No,No
Advanced Coherent Technologies LLC,13,10,Yes,No,No
Advanced Communication,8,11,No,No,No
Advanced Communications Tech,2,N/A,No,No,No
"ADVANCED COMPONENTS &amp; MATERIALS, INC.",4,3,No,No,No
Advanced Composite Engineering,2,5,No,No,No
"Advanced Composite Materials, LLC",1,20,No,No,No
Advanced Composite Operations,1,2,No,No,No
Advanced Composite Products,20,38,No,No,No
Advanced Composite Technology,5,35,No,No,No
Advanced Composites Labs,2,6,No,No,No
"ADVANCED COMPUTATIONAL TECHNOLOGY, LLC",5,7,Yes,No,No
Advanced Computer,2,N/A,No,No,No
Advanced Computer Support,1,35,No,No,No
"Advanced Concepts, Inc.",1,9,No,No,No
ADVANCED CONDUCTOR TECHNOLOGIES LLC,31,5,No,No,No
Advanced Connection Technology,1,4,No,No,No
Advanced Control Technologies,2,N/A,No,No,No
"Advanced Cooling Technologies, Inc.",204,216,No,No,No
ADVANCED COOLING THERAPY INC,2,12,No,No,No
"ADVANCED COORDINATION TECHNOLOGIES, LLC.",2,6,No,No,No
"ADVANCED CORE TECHNOLOGIES, LLC",2,60,No,Yes,No
"Advanced Creations, Inc.",3,N/A,No,No,No
Advanced Creative Educational,1,4,Yes,No,No
Advanced Crystal Products,2,N/A,No,No,No
Advanced Cytometry Instrumentation Systems LLC,7,1,No,No,No
"ADVANCED DATA SYSTEMS, INC.",1,N/A,No,No,No
Advanced Decision Systems,54,N/A,No,No,No
"Advanced Design Consulting USA, Inc.",11,0,No,No,No
Advanced Detectors Inc,9,N/A,No,No,No
"Advanced Development Group,",1,49,No,No,No
"Advanced Device Technologies,",3,2,No,No,No
"ADVANCED DEVICE TECHNOLOGY, INC.",13,8,No,Yes,No
"ADVANCED DIAGNOSTICS, LLC",1,N/A,No,No,No
"ADVANCED DIAMOND SOLUTIONS, INC.",1,5,No,No,No
"Advanced Diamond TechNologies, Inc.",25,24,No,No,No
"Advanced Digital Imaging Research, LLC",17,N/A,No,No,No
"ADVANCED DIGITAL SYSTEMS, INC.",9,0,No,No,No
Advanced Dimensional Displays,1,N/A,No,No,No
"Advanced Distributed Sensor Systems, Inc",1,13,No,No,No
Advanced Diversified Tech Inc,3,N/A,No,No,No
"Advanced Dynamics, Inc.",19,15,No,Yes,No
ADVANCED ELECTROMAGNETICS,6,3,No,No,No
"Advanced Encapsulation, Inc",2,2,No,No,No
"ADVANCED ENERGY CONVERSION, LLC",5,8,No,No,No
Advanced Energy Dynamics Inc.,7,N/A,No,No,No
"Advanced Energy Materials, LLC",10,11,Yes,Yes,No
"Advanced Energy Systems, Inc",55,30,No,No,No
"Advanced Energy Technology,",4,3,No,No,No
Advanced Engineered,1,N/A,No,No,No
Advanced Engineering ,5,1,Yes,No,Yes
"Advanced Engineering Research, LLC",3,7,No,Yes,No
Advanced Engineering Solutions,4,3,Yes,No,No
Advanced Engines Development Corporation,9,5,No,No,No
Advanced Environmental,1,N/A,No,No,No
Advanced Environmental Researc,1,N/A,No,No,No
ADVANCED EXTRAVASCULAR SYSTEMS,3,N/A,No,No,No
"ADVANCED FIBER SENSORS, INC.",6,2,No,No,No
Advanced Fiberoptics Corp.,2,15,No,Yes,No
"Advanced Fibers &amp; Powders, LLC",5,N/A,No,No,No
Advanced Flex Sensor Research,1,0,Yes,Yes,No
"ADVANCED FLUIDICS, LLC",7,1,No,No,No
Advanced Flying Automobile Inc,1,N/A,No,No,No
"Advanced Fuel Research, Inc.",256,8,No,No,No
Advanced Genetic,1,N/A,No,No,No
"ADVANCED GENETIC SYSTEMS, INC.",7,N/A,No,No,No
Advanced Genetics Research,1,N/A,No,No,No
"Advanced Genome Technologies, Llc",1,2,No,No,No
"ADVANCED GENOMIC TECHNOLOGY, LLC",4,2,Yes,No,No
"Advanced Geophysical Technology, Inc.",3,15,No,No,Yes
"ADVANCED GLOBAL SERVICES, LTD",17,6,Yes,No,No
Advanced Haemotechnologies,2,7,No,No,No
"ADVANCED HEARING CONCEPTS, INC.",3,N/A,No,No,No
"ADVANCED HEARING PRODUCTS, INC.",1,8,No,No,No
Advanced Heat Treat Corp.,2,140,No,No,No
Advanced Hydrogen Technologies Corporation,3,2,No,No,No
Advanced Image Measurement Sys,1,N/A,No,No,No
"ADVANCED IMAGING RESEARCH, INC.",20,N/A,No,Yes,No
"ADVANCED IMMUNE THERAPEUTICS, INC.",1,N/A,No,No,No
Advanced Immunotherapeutics,2,N/A,No,No,No
ADVANCED INDUSTRIAL TECHNOLGY,1,3,No,No,No
"ADVANCED INFONEERING, INC.",6,4,No,No,No
ADVANCED INTEGRATED SYSTEMS,2,22,No,Yes,No
Advanced Laser Systems Technol,1,5,No,No,No
"Advanced Life Sciences, Inc.",2,N/A,No,No,No
"Advanced Life Technologies, LLC",12,8,No,No,No
Advanced Liquid Crystal Technologies,3,N/A,Yes,No,No
ADVANCED LIQUID LOGIC,28,50,No,No,No
Advanced Maerials Technolo,1,N/A,No,No,No
"Advanced Magnet Lab, Inc.",16,6,No,No,No
"Advanced Magnetic and Cryogenic, LLC",2,2,Yes,Yes,No
"ADVANCED MAGNETICS, INC.",8,N/A,No,No,No
Advanced Management Research,2,N/A,No,No,No
Advanced Manufacturing LLC,2,3,No,Yes,No
"Advanced Marine Enterprises,",6,N/A,No,No,No
Advanced Material Systems,6,5,No,No,No
ADVANCED MATERIALS AND DEVICES,21,5,No,No,No
ADVANCED MATERIALS AND MANUFACTURING TECHNOLOGIES,1,2,No,No,No
Advanced Materials and Processes,8,2,No,No,No
ADVANCED MATERIALS APPLICATIONS,1,3,Yes,No,No
Advanced Materials Corp,19,6,No,Yes,No
Advanced Materials Design Inc,3,N/A,No,No,No
Advanced Materials Laboratory,2,2,No,No,No
"Advanced Materials Manufacturing, LLC",2,2,Yes,No,No
ADVANCED MATERIALS RESEARCH &amp; DEVELOPMENT CORP.,1,2,No,No,No
Advanced Materials Scientia LLC,1,2,Yes,Yes,No
"ADVANCED MATERIALS TECHNOLOGY, INC.",21,N/A,No,No,No
"ADVANCED MECHANICAL SYSTEMS TECHNOLOGY,",2,2,Yes,No,No
"Advanced Mechanical Technology, Inc.",38,28,No,No,No
"ADVANCED MECHANICS TECHNOLOGY, LTD.",3,2,No,Yes,No
ADVANCED MEDIA RESEARCH INC,4,4,Yes,No,No
"Advanced Medical Devices, Inc.",2,N/A,No,No,No
ADVANCED MEDICAL ELECTRONICS CORPORATION,148,N/A,No,No,No
Advanced Medical Research Corp,1,N/A,No,Yes,No
"ADVANCED MEMBRANE SYSTEMS, INC.",4,5,No,No,No
Advanced Metal Products Inc.,2,14,No,No,No
"Advanced Metals Systems, Inc.",3,6,No,No,No
Advanced Metalworking Practice,1,2,No,No,No
Advanced Methods &amp; Materials (AMM),4,6,No,No,No
ADVANCED MICROBIAL SOLUTIONS CORPORATION,4,N/A,No,No,No
ADVANCED MICROCAVITY SENSORS LLC,1,1,No,No,No
"ADVANCED MICROLABS, LLC",10,N/A,No,No,No
"ADVANCED MICROMACHINES, INC.",9,14,No,No,No
Advanced Microscopy Techniques,4,N/A,No,No,No
Advanced MicroSensors Corporation,1,40,No,No,No
Advanced Microsphere Products,2,5,No,No,No
Advanced Mineral Technologies,2,N/A,No,No,No
ADVANCED MODULAR POWER SYSTEMS,19,21,No,No,No
"Advanced Molecular Systems,",1,N/A,No,No,No
"Advanced Monitoring, Inc.",1,N/A,Yes,No,No
Advanced Motion Controls Inc.,3,4,No,Yes,No
ADVANCED MRI TECHNOLOGIES LLC,14,8,No,No,No
Advanced Nanotechnologies Corporatio,1,N/A,No,No,No
"Advanced Neural Dynamics, Inc.",1,1,No,No,No
"Advanced Nmr Systems, Inc",3,N/A,No,No,No
"Advanced Nuclear Technology, Inc",1,2,No,No,No
"ADVANCED NUMERICAL DESIGN, LLC",1,5,No,No,No
Advanced Numerical Solutio,4,2,No,No,No
ADVANCED NUMERICAL SOLUTIONS LLC,2,5,No,No,No
"ADVANCED ONION, Inc. ",1,74,No,No,No
Advanced Opt. Equip. &amp; Syst.,4,4,No,No,No
"Advanced Optical Systems, Inc",44,19,No,No,No
ADVANCED OPTICAL TECHNOLOGIES INCORPORATED,8,5,Yes,No,No
"Advanced Optical Technologies, Inc.",4,4,No,No,No
"Advanced Oxide Devices, LLC",1,3,No,No,No
"ADVANCED PAVING TECHNOLOGIES, INC.",1,2,No,No,No
"Advanced Photodynamic Technologies, Inc.",8,N/A,No,No,No
"Advanced Photometrics, Inc.",1,N/A,No,No,No
"ADVANCED PHOTON SCIENCES, LLC",6,5,Yes,No,No
Advanced Photonic,1,5,No,No,No
"ADVANCED PHOTONIC CRYSTALS, LLC",8,5,No,No,No
Advanced Photonics,3,4,No,Yes,No
Advanced Photonics Group,1,1,No,No,No
Advanced Photonix,6,N/A,No,No,No
"ADVANCED PLASMA PRODUCTS, INC.",3,0,No,No,No
"Advanced Polymer Monitoring Technologies, Inc.",2,6,No,No,Yes
"Advanced Position Systems,",2,2,No,Yes,No
"Advanced Powder Products, Inc. ",2,48,No,No,No
ADVANCED POWDER SOLUTIONS INC,32,55,No,Yes,No
Advanced Power Sources Inc,1,5,No,No,No
"ADVANCED POWER TECHNOLOGIES, INC.",13,158,No,No,No
"Advanced Prairie, Inc.",1,N/A,No,No,No
"Advanced Principles Group, Inc.",2,0,No,No,Yes
"ADVANCED PROCESS COMBINATORICS, INC.",6,10,No,No,No
"Advanced Processing Tech.,",9,4,No,No,No
"ADVANCED PROCESSING TECHNOLOGY, INC.",7,10,No,No,No
"ADVANCED PRODUCT DEVELOPMENT, INC.",2,N/A,No,Yes,No
Advanced Products Inc,1,N/A,No,No,No
Advanced Programming Concepts,1,8,No,No,No
"Advanced Projects Research, Incorporated",47,11,Yes,No,No
Advanced Propulsion Inc.,3,3,No,No,No
"Advanced Propulsion Technologies, Inc.",1,8,No,No,No
"Advanced Protection Products,",1,10,No,No,No
Advanced Protein Labs,1,N/A,Yes,Yes,No
"Advanced Radar Company, LLC",1,6,No,No,No
ADVANCED RADATION THERAPY,1,5,No,No,No
Advanced Reasoning Inc.,1,4,No,No,No
"Advanced Recovery and Recycling, LLC ",2,7,No,No,No
"ADVANCED REFRACTORY TECHNOLOGIES, INC.",34,32,No,No,No
"ADVANCED REFRIGERATION TECHNOLOGIES, INC",5,N/A,No,No,No
"Advanced Remote Sensing, Inc.",3,2,No,No,No
"Advanced Renal Therapies, Inc..",1,N/A,No,No,No
Advanced Renewable Technology International Inc,1,5,No,No,No
ADVANCED RESEARCH CORPORATION,15,18,Yes,No,No
"Advanced Research Systems,",1,N/A,No,No,No
"Advanced Research Systems, Inc.",2,25,Unavailable,Unavailable,Unavailable
"Advanced Resonance Technologies, Inc",3,N/A,No,No,No
Advanced Resource Development,1,50,No,No,No
Advanced Resources,2,N/A,No,No,No
"Advanced Resources International, Inc.",6,N/A,No,No,No
Advanced Respiratory Technologies LLC,2,3,No,No,No
Advanced Retro Technology Inc.,2,N/A,No,No,No
ADVANCED RNA TECHNOLOGIES LLC,7,2,No,No,No
Advanced Robotic Tech Inc.,1,N/A,No,No,No
Advanced Rolling Technologies LLC,1,N/A,No,No,No
"ADVANCED ROTORCRAFT TECHNOLOGY, INC.",81,21,No,No,No
"Advanced Safeguards, Inc.",1,N/A,No,No,No
Advanced Science And Automation Corp,9,3,No,No,No
"Advanced Scientific Concepts, LLC",102,25,No,No,No
Advanced Seed Technology,1,N/A,Yes,Yes,No
Advanced Seismic Instrumentation and Research,1,5,No,No,No
"ADVANCED SENSOR TECHNOLOGIES, INC.",20,10,No,No,No
ADVANCED SEPARATION &amp; ABSORPTION PRODUCT,4,1,No,No,No
Advanced Signature,1,1,Yes,No,No
"Advanced Silicon Carbide Materials, LLC",2,275,Yes,No,Yes
Advanced Silicon Group,6,6,Yes,No,Yes
ADVANCED SIMULATION DISPLAYS CO.,2,5,No,No,No
"ADVANCED SIMULATION RESEARCH, INC.",3,4,No,Yes,No
"ADVANCED SIMULATION TECHNOLOGY, INC.",3,48,No,No,No
"ADVANCED SMART SYSTEMS AND EVALUATION TECHNOLOGIES, LLC",2,1,No,No,No
"ADVANCED SOLUTIONS FOR TOMORROW, INC.",4,102,No,No,No
"ADVANCED SOLUTIONS, INC.",3,33,No,No,No
Advanced Space Data Corp,1,N/A,No,No,No
Advanced Space LLC,13,45,No,No,No
"Advanced Strategic Insight, Inc.",1,28,No,No,No
"ADVANCED STRUCTURAL TECHNOLOGY, INC.",9,3,No,Yes,No
Advanced Structures Technology,4,3,No,No,No
"ADVANCED SURFACES AND PROCESSES, INC.",2,N/A,No,No,No
"Advanced Surgical Systems,",1,N/A,No,No,No
Advanced System Concepts,2,N/A,No,No,No
Advanced Systems &amp; Technologies Inc,70,9,No,No,No
Advanced Systems Concepts,5,N/A,No,No,No
"Advanced Systems Technology, Inc.",5,250,No,No,No
"Advanced Systems/Supportability Engineering Technologies And Tools, Inc.",35,55,No,No,No
ADVANCED TACTICS INC,4,10,No,No,No
"Advanced Tactile Imaging, Inc.",8,7,Yes,No,No
Advanced Targeting Systems,19,9,No,No,No
"ADVANCED TECH ENGINEERING, INC.",2,1,No,Yes,No
Advanced Technical Concepts,1,N/A,No,No,No
Advanced Technologies,2,80,No,No,No
Advanced Technologies &amp; Testin,1,3,No,No,No
ADVANCED TECHNOLOGIES &amp; TESTING LABORATORIES INC,1,5,Yes,Yes,No
Advanced Technologies for Novel Therapeutics,1,7,Yes,Yes,Yes
"ADVANCED TECHNOLOGIES GROUP, INC.",23,11,No,No,No
"Advanced Technologies, Inc",6,3,Yes,Yes,Yes
Advanced Technologies/Laboratories Intl,238,N/A,Yes,Yes,No
Advanced Technology &amp; Research,11,N/A,No,Yes,No
Advanced Technology And Research Corporation,43,101,No,No,No
Advanced Technology Transfer,2,N/A,Yes,No,No
"ADVANCED TELECARE, LLC",1,0,No,No,No
"ADVANCED THERAPIES, INC.",4,N/A,No,No,No
ADVANCED THERMAL TECHNOLOGIES,15,6,No,No,No
"ADVANCED THIN FILM, INC.",1,6,Yes,No,No
"ADVANCED TISSUE SCIENCES, INC.",7,N/A,No,No,No
Advanced Tracking Technology C,1,7,No,No,No
"Advanced Unmanned Systems, LLC",1,1,No,No,No
"Advanced vascular Therapies, Inc.",2,3,Yes,Yes,Yes
"Advanced Vision Technologies, Inc.",1,N/A,No,No,No
"ADVANCED VISION THERAPIES, INC.",9,N/A,No,No,No
"Advanced Visual Data, Inc.",3,6,No,No,No
"Advanced Welding Concepts,",5,N/A,No,No,No
ADVANCED WIRELESS &amp; TELECOM CORP.,2,5,No,No,No
"ADVANCED WOUND SYSTEMS, LLC",1,N/A,No,No,No
"ADVANCED X-RAY TECHNOLOGY, INC.",2,N/A,No,No,No
AdvancedMEMS Parts,1,2,No,No,No
AdvanceH2O corp.,1,1,No,No,Unavailable
"ADVANSTA, INC.",1,N/A,No,No,No
"Advantage Silver Dental Arrest, LLC",5,1,No,No,No
"ADVANTAGENE, INC",10,N/A,No,No,No
Advantageous Systems LLC,2,2,No,No,No
"Advantech, Inc.",1,N/A,No,No,No
"ADVATECH PACIFIC, INC.",20,45,No,No,No
"ADVAXIS, INC.",5,N/A,No,No,No
Advec Corp.,2,3,No,No,No
"Advensys, LLC",2,1,Yes,No,No
"Advent Diamond, Inc.",5,5,Yes,No,No
"Advent Engineering Services, Inc.",3,20,No,No,No
Advent Innovations Ltd. Co.,8,6,Yes,Yes,No
"Advent Systems, Inc.",6,11,No,No,No
"ADVENT TECHNOLOGIES, INC.",1,2,Yes,No,No
"Advent Therapeutics, Inc.",3,5,No,No,No
"ADVENTIUM ENTERPRISES, LLC",50,25,No,No,No
Adventus Material Strategies,1,3,No,No,No
"Advinow, Inc.",2,20,No,No,No
"Advintec, Llc",1,1,No,No,No
"ADVIS, INC.",2,2,No,No,No
Advisory Aerospace OSC LLC,1,10,No,Yes,No
"ADVITECH, INC.",2,N/A,No,No,No
ADVOCATES FOR HUMAN POTENTIAL INC,3,85,No,No,No
"ADVR, Inc",103,21,No,No,No
Advratech,10,4,No,No,No
ADYB ENGINEERED FOR LIFE INC.,1,8,No,No,No
"Adynxx, Inc.",1,6,No,No,No
ADYPTATION LLC,3,7,No,No,No
ADYTON PBC INC,5,6,No,No,No
"AE MACHINES, LLC",1,2,Yes,No,No
AEB ENGINEERING LLC,3,1,No,Yes,No
"Aebeze Labs, Inc.",2,10,No,No,No
"AEC-Able Engineering Company, Inc.",21,77,No,No,No
AECHELON TECHNOLOGY,7,14,No,No,No
AECsoft USA Inc.,1,N/A,Yes,No,No
AEDAR CORPORATION,1,5,Unavailable,Unavailable,Unavailable
"AEGEN BIOSCIENCES, INC.",1,N/A,No,No,No
Aegir Systems,2,62,Yes,Yes,No
"AEGIS BIOSCIENCES, LLC",6,N/A,No,No,No
Aegis Information Systems,2,N/A,No,No,No
"Aegis Medical Technologies,",1,N/A,No,No,No
AEGIS RESEARCH CORP.,3,36,No,No,No
AEGIS SYSTEMS INC.,2,22,No,No,No
"Aegis Technologies Group, LLC, The",69,280,No,No,No
"Aegis Technology, Inc.",46,14,Yes,No,No
AegisCN LLC,1,3,No,No,No
"AEGISOUND, LLC",2,22,No,No,Yes
AEIOU Scientific LLC,2,2,No,No,No
Aeolus Building Efficiency Inc,1,1,No,No,No
"AEOLUS PHARMACEUTICALS, INC.",2,5,No,No,No
AEON IMAGING LLC,14,6,Yes,No,No
"Aeon Respire, Inc.",1,2,No,No,No
"Aeon Sciences, LLC",1,1,No,No,No
Aeon Systems Inc.,2,N/A,No,No,No
"Aep Technologies, Inc.",1,8,No,No,No
AEQUOR INC.,1,2,Yes,No,No
"Aera, Inc.",1,38,No,No,No
Aerem Nova Energy Storage Inc,1,4,No,No,No
AEREON CORP.,5,N/A,No,No,No
Aeres,1,3,No,No,No
Aerg,1,N/A,No,No,No
Aerial Imaging Solutions,2,1,No,No,No
"AERIAL VISION, INC.",2,3,No,No,No
Aeris LLC,1,25,No,No,No
Aeris Technologies Inc.,1,4,No,No,No
"AERIS THERAPEUTICS, INC.",3,N/A,No,No,No
"Aerius Photonics, LLC.",64,32,No,No,No
"AERMETRIC TECHNOLOGY GROUP, INC.",2,5,No,No,No
Aero Composites,1,6,No,No,No
"AERO OPTICS, INC.",19,6,No,No,No
AERO RECORD TECHNOLOGIES USA INC,1,4,No,No,No
AERO SIMULATION INC,1,167,No,No,No
"Aero Systems Engineering, Inc.",10,180,No,No,No
"Aero Thermo Technology, Inc",7,22,Yes,No,No
Aero Union Corp.,2,N/A,No,No,No
"Aero-plasma, Inc.",7,7,No,No,No
Aero-smith Systems Inc,1,N/A,No,No,No
Aeroacoustics Assoc,1,N/A,No,No,No
AEROARTS LLC,5,2,No,No,No
"AEROASTRO, INC.",53,404,No,No,No
"Aerobotics, Inc.",1,25,No,No,No
"Aerobotix, Inc.",8,45,No,No,No
Aerobyx LLC,1,3,No,No,No
AeroChem Corporation,6,5,No,No,No
Aerochem Research,22,14,No,No,No
"Aerocine Ventures, Inc.",5,6,No,No,No
"Aerocomposites, Inc.",1,6,No,No,No
Aerocon Inc,1,N/A,No,No,No
Aerocore Technologies LLC,2,20,No,No,No
"AEROCROSS SYSTEMS, INC.",2,3,No,No,No
"Aerocyonics, Inc.",2,11,No,No,No
Aerodyn Combustion LLC,1,4,No,No,No
"AERODYN ENGINEERING, INC.",3,21,No,No,No
"AeroDynamic Solutions, Inc.",7,6,No,No,No
"AERODYNAMIC TECHNOLOGIES, LLC",2,2,Yes,Yes,No
Aerodyne Microsystems Inc.,5,5,No,No,No
"Aerodyne Research, Inc.",407,65,No,No,No
AEROGAGE CORP.,5,4,No,No,No
AEROGEL TECHNOLOGIES LLC,1,6,No,No,No
"AEROHYDRO, INC.",4,2,No,No,No
AEROLIVE INC,1,1,Yes,No,No
AeroMancer Technologies Corporation,5,1,No,Yes,No
Aeromarine Consulting Inc,1,1,No,No,No
"AEROMECH ENGINEERING, INC.",1,92,No,No,No
"AEROMECHANICS, LLC",1,1,No,Yes,No
"Aeromed Software, L.l.c.",1,3,Yes,No,No
"Aeromet Technologies, Inc.",2,4,No,No,No
"Aeromet, Inc.",11,213,No,No,No
Aerometrics Inc.,43,N/A,No,No,No
"AEROMICS, Inc.",3,3,No,No,No
Aeromutable Corporation,1,2,No,Yes,No
"Aeron Biotechnology, Inc.",5,N/A,No,No,No
Aeronautical Technology Associ,2,1,No,No,No
"Aeronix, Inc.",24,52,No,No,No
Aeropath,1,1,No,No,No
AEROPHASE INC,13,3,No,No,No
Aerophysics Research Corp.,2,6,No,Yes,No
"Aerophysics, Inc.",10,4,No,No,No
AEROPLAS CORP. INTERNATIONAL,6,6,No,No,No
Aeropro Systems,1,4,Yes,No,No
AEROPROBE CORPORATION,17,29,Yes,No,No
AEROSENS LLC,1,2,Unavailable,No,No
AEROSHIELD MATERIALS INC,1,6,Yes,No,No
AEROSOFT INC,26,5,No,No,No
AEROSOL ASSOCIATES,2,N/A,No,No,No
Aerosol Devices Inc.,10,10,Yes,Unavailable,Yes
Aerosol Dynamics Inc.,59,6,Yes,No,No
Aerospace &amp; Bonded Structures,2,2,No,No,No
"Aerospace Design &amp; Development, Inc.",9,11,No,No,No
Aerospace Engineering Group,2,N/A,No,Yes,No
"Aerospace Innovations, LLC",2,6,No,No,No
"AEROSPACE MASS PROPERTIES ANALYSIS, INC.",4,16,No,No,No
Aerospace Materials Processing LLC,4,4,No,No,No
"Aerospace Recovery Systems,",2,3,No,No,No
"Aerospace Service &amp; Controls,",1,11,No,No,No
Aerospace Systems Inc,1,15,No,No,No
Aerospace Technology Co,1,N/A,No,No,No
"Aerospacecomputing, Inc.",4,28,No,Yes,No
AEROSTREAM COMMUNICATIONS CORPORATION,2,2,No,Yes,No
Aerostructures Inc.,2,14,No,No,No
"AeroSurvey, Inc.",1,N/A,No,No,No
"AeroTargets International, LLC",1,6,No,No,No
AEROTECH ENGINEERING &amp; RESEARCH CORP.,18,10,No,No,No
Aerotech Research,12,8,No,No,No
"Aerotonomy, Incorporated",14,9,No,No,No
AeroValve LLC,2,1,No,No,No
Aerovel Corporation,8,15,No,No,No
"AEROVIRONMENT, INC.",61,400,No,No,No
Aerpio Therapeutics LLC,2,25,No,No,No
"Aerulean Plant Identification Systems, Incorporated",1,N/A,Yes,No,No
Aes Corp,3,20,No,No,No
Aes International Corp,1,15,No,No,No
"AESOP, INC.",5,4,No,No,No
Aestas Pharma Inc.,1,3,No,No,No
Aesthetic Integration Research Corporation,3,3,No,No,No
"AESTUS THERAPEUTICS, INC.",2,N/A,No,No,No
AET CRYOGENICS,2,N/A,No,No,No
"AET Tech,LLC",2,2,No,No,No
"AET, Inc.",29,13,No,No,No
Aeta Corp,4,N/A,No,No,No
"AETC, INC.",11,48,No,No,No
"Aetech, Inc.",3,12,No,No,No
"Aether Industries, LLC",1,5,No,No,No
"AETHER WIRE &amp; LOCATION, INC.",3,12,No,No,No
"AETHERCOMM, INC.",3,150,Yes,No,No
AETHERMACHINES INC,2,1,No,No,No
AETHERTOUCH INC,2,2,Yes,Yes,No
"Aethlon Medical, Inc.",3,6,No,No,No
"Aethon Intelligence, LLC",1,3,No,No,No
AETION TECHNOLOGIES LLC,11,7,No,No,No
Aetri,1,4,No,No,No
Aev Inc.,2,N/A,No,Yes,No
"AEVUM, INC.",3,1,No,Yes,No
"AEye Labs, Inc.",1,2,No,No,No
Af Sammer Corp.,7,6,No,No,No
"AFAB Technologies, Inc.",5,3,No,No,No
"AFASCI, INC.",24,10,No,No,No
"AFFECT THERAPEUTICS, INC.",1,12,No,No,No
AFFECTIFI INC.,1,2,No,No,No
Affectiva,2,12,Yes,No,No
AFFERENT CORPORATION,8,N/A,No,No,No
"AFFINERGY, LLC",74,27,No,No,No
Affinity Bio,1,4,No,No,No
"Affinity Bioreagents, Inc.",1,N/A,No,No,No
"Affinity Biosensors, LLC",2,N/A,No,No,No
"AFFINITY MEDIA, INC.",1,12,No,No,No
"Affinity Molecules, LLC",1,2,No,No,No
"AFFINITY THERAPEUTICS, LLC",4,5,No,No,No
"AFFOMIX, INC.",6,N/A,No,No,No
Affymax Research Institute,3,N/A,No,No,No
AFFYMETRIX,13,N/A,No,No,No
"AFG BIOSOLUTIONS, INC.",3,N/A,No,No,No
AFIS and Biometrics Consulting Inc.,2,12,No,No,No
Afp Associates,2,3,No,No,No
"AFrame Digital, Inc.",6,10,No,No,No
"Afraxis, Inc.",1,2,No,No,No
AFS TRINITY POWER CORP.,4,15,No,No,No
AfterMath Education Inc.,1,1,Yes,Yes,Yes
AG INFO MANAGEMENT INC,2,4,No,Yes,No
Ag Research &amp; Consulting Co,1,N/A,No,No,No
"Ag Systems, Inc.",2,N/A,No,No,No
"AG-Sensus, LLC",1,7,No,No,No
"AG350, INC.",1,7,No,No,No
Agave Analytics,2,N/A,No,No,No
AGAVE BIOSYSTEMS INC.,105,N/A,No,No,No
Agbabian Assocs,4,35,No,No,No
AGBIO DEVELOPMENT INC,1,3,No,No,No
AGC,1,70,No,No,No
"AgCreate Solutions, Inc.",1,9,Yes,No,No
"AGCREDIT CONSULTING, LLC",2,1,Unavailable,Unavailable,Yes
"Agdia, Inc. ",7,51,No,No,No
AGENCOURT BIOSCIENCE CORPORATION,1,N/A,No,No,No
"Agenebio, Inc.",2,2,No,No,No
"AGENNIX, INC.",16,N/A,No,No,Yes
AGENOVIR CORPORATION,1,4,No,No,No
"AGENT DYNAMICS, INC.",2,3,No,No,No
"AGENTAI, INC.",6,6,No,No,No
AGENTASE LLC,18,20,No,No,No
"Agentsheets, Inc",13,3,No,No,No
Agenus Inc.,6,70,No,No,No
"Agex Therapeutics, Inc.",1,17,No,No,No
"AGGAMIN PHARMACEUTICALS, LLC",4,4,No,No,No
Agi Technologies,2,94,No,No,No
"Agile Data Decisions, Inc.",3,6,No,No,No
"Agile Decision Sciences, LLC",2,306,No,Yes,No
"Agile Devices, Inc.",3,4,No,No,No
"AGILE FOCUS DESIGNS, LLC",3,1,Yes,No,No
"AGILE GENOMICS, LLC",2,N/A,No,No,No
AGILE HEALTH INC,2,6,No,No,No
"Agile Mind, Inc.",7,N/A,No,No,No
"Agile Nanotech, Inc.",2,4,No,No,No
Agile RF Systems LLC,10,9,Yes,No,No
"AGILE RF, INC.",16,15,No,No,No
"AGILE SCIENCES, INC.",15,3,No,No,No
Agile Space Propulsion Company,2,10,No,No,Yes
AGILE TECHNOLOGIES INC.,1,10,No,No,No
"AGILE TRANSFORMATION, INC.",1,50,Yes,Yes,No
AGILEDELTA,3,N/A,No,No,No
"Agilemd, Inc.",1,15,No,No,No
AGILENT TECHNOLOGIES INC,1,0,No,No,No
"AgileQR, Inc",1,3,No,Yes,Yes
AgileSrc LLC,1,5,No,No,No
AGILESYSTEMS LLC,9,3,No,No,No
"Agiliron, Inc.",1,5,No,Yes,No
Agilis Corp.,2,N/A,No,No,No
"AGILIS MEASUREMENT SYSTEMS, INC.",3,65,No,No,No
"Agility Communications, Inc.",8,80,No,No,No
Agility Data,1,2,No,No,No
AGILIX CORPORATION,1,N/A,No,No,No
AGILOPTICS,11,12,No,No,No
Agiltron Development Corporation,2,5,No,No,No
"AGILTRON, INC.",270,45,No,No,No
"Agilvax, Inc.",3,4,No,No,No
"Aging Aircraft Consulting, LLC",7,6,No,No,No
Aginova Inc,6,7,No,No,No
"AGION TECHNOLOGIES, INC.",2,1,No,No,No
"Agita Labs, Inc.",1,6,No,No,No
"AgiVox, Inc.",2,3,Yes,No,No
Agni Medical LLC,1,1,Unavailable,No,No
AGNIK LLC,9,18,No,No,No
"AGNITRON TECHNOLOGY, INC",14,12,No,No,No
"AgonOx, Inc. ",1,6,No,No,No
Agora Net Inc,2,N/A,No,No,No
Agoura Technologies,1,1,No,No,No
Agouron Pharmaceuticals Inc.,8,28,No,No,No
"AGPOLLEN, LLC",2,1,No,No,No
AgraFilms Inc,1,2,No,No,No
"AgraQuest, Inc.",7,N/A,No,No,No
"AgraSol, Inc.",1,N/A,No,No,No
"AgraTek, LLC",1,6,No,No,No
Agrecol Corp.,1,N/A,No,No,No
AGREN INC,3,10,No,No,No
"AgRenew, Inc.",6,N/A,No,No,No
"AgResearch International, Inc.",8,N/A,No,Yes,No
"AGRI PROCESSING SERVICES, L.L.C.",2,1,No,No,No
"AGRI WIND TURBINES, LLC",1,1,No,No,No
"AGRI-ANALYSIS, LLC",4,0,No,No,No
"Agri-Starts, Inc.",1,N/A,No,No,No
"AGRI-TECH PRODUCERS, LLC",1,2,No,Yes,No
"AGRI-TECH, Inc.",3,N/A,No,No,No
Agricultural and Environmental Geographic Information Systems,1,2,Yes,No,No
Agricultural Education &amp; Con,1,N/A,No,No,No
Agricultural Electronics Corporation,3,0,No,No,No
Agricultural Identification,2,N/A,No,No,No
"Agricultural Management Systems, Inc.",1,N/A,No,No,No
AGRICULTURAL RESEARCH INITIATIVES INC,7,2,No,No,No
Agridyne Technologies Inc.,1,N/A,No,No,No
AgriHouse,1,4,No,No,No
"AGRINERDS, INC.",1,4,No,No,No
"Agriphi, Inc.",2,N/A,No,No,No
"Agris-Schoen Vision Systems, Inc.",2,N/A,No,No,No
"AgriTech Electronics, L.C.",4,N/A,No,No,No
"Agrivax, Inc.",3,N/A,Yes,No,No
"Agrivida, Inc.",3,9,No,No,No
"AGRO BIOSCIENCES, INC.",1,5,No,No,No
"Agro-Plastics, Inc.",3,N/A,Yes,No,No
Agrobotics Inc.,2,N/A,No,No,No
AGROSPHERES INC.,3,7,No,No,No
Agsco Inc.,2,N/A,No,No,No
AgSquared LLC,3,11,No,No,No
"Aguila Technologies, Inc.",45,9,Yes,No,No
Aguirre International,1,N/A,No,Yes,No
"AGYPHARMA, LLC",1,N/A,Unavailable,Unavailable,Unavailable
"AHLTEK ENTREE WIRELESS, LLC",2,2,No,No,No
Ahmic Aerospace LLC,9,9,No,No,No
"AHURA CORPORATION, INC.",3,N/A,No,No,No
AI Asset Management LLC,1,2,No,Yes,No
"AI Biosciences, Inc.",14,7,No,No,No
"AI METRICS, LLC",2,4,No,No,Yes
AI Optics Inc.,1,7,No,Yes,No
"AI Signal Research, Inc.",17,135,No,No,No
AI SOLUTIONS INC,3,383,No,No,No
AI SOLUTIONS LLC,2,2,No,No,No
"AI Strike, LLC",1,3,Unavailable,Unavailable,Unavailable
"Ai Systems, Inc",1,N/A,No,No,No
"AI TECHNOLOGY &amp; SYSTEMS, INC.",1,2,No,Yes,Yes
AI Tracking Solutions LLC,2,4,No,No,No
"Ai Ware, Inc.",5,11,No,No,No
"AI.Reverie, Inc.",3,17,No,No,No
Aicom Corpon,1,N/A,No,Yes,No
Aicomm Inc,1,N/A,No,Yes,No
Aics Inc,1,N/A,Yes,No,No
"AICURE, LLC",5,75,No,No,No
AID NETWORKS,2,5,Yes,Yes,No
"Aidar Health, Inc",2,2,No,No,No
"Aids Impact, Inc.",2,N/A,No,Yes,No
Aifly Ventures,1,2,No,No,No
Aiki Corporation,1,N/A,No,No,No
Aikili Biosystems Inc,2,2,No,No,No
"AIKO BIOTECHNOLOGY, INC.",1,N/A,No,No,No
AIL RESEARCH INC,19,4,No,No,No
"AIM MRO Holdings, Inc",1,85,No,No,No
"Aim-Wave Technologies, Inc.",1,2,No,No,No
AIMDYN INC,2,11,Yes,No,No
"Aimm, Inc.",2,3,No,No,No
AIMRNA INC,1,1,No,No,No
"AIMS, INC.",8,6,Yes,No,No
Aincobio LLC,1,2,No,No,No
"Aingeal, LLC",1,3,No,No,No
"AIQ Global, Inc.",1,10,No,No,No
"AIR ARMOR TECH, LLC",1,5,No,Yes,No
"Air Care, Inc.",1,N/A,No,No,No
"Air Cleaning Blowers, LLC",1,6,No,No,No
"Air Company Holdings, Inc.",1,21,No,No,Unavailable
"Air Control Techniques, P.C.",2,8,No,No,No
Air Cycle Corp.,1,11,No,No,No
Air Dynamics Industrial Systems Corporation ,1,15,No,No,No
"Air Instruments &amp; Measurement, Inc",1,N/A,No,No,No
"AIR LOGISTICS AND ENGINEERING CONSULTANTS, LLC",1,15,No,No,No
"Air Logistics and Engineering Solutions, LLC",3,5,No,No,No
Air Logistics Corporation,1,21,No,No,No
AIR QUALITY DESIGN INC.,2,0,No,No,No
Air Sciences Inc.,1,29,No,No,No
"Air Squared, Inc.",27,120,No,No,No
"Air Traffic Analysis, Inc.",1,1,No,No,No
Air Turbine Technology Inc.,4,16,No,No,No
"AIR-LOCK, INCORPORATED",10,20,No,No,No
Aira Tech Corp.,1,8,No,No,No
"Airak, Inc.",18,N/A,No,No,No
AIRBEAMS LLC,1,3,No,No,No
Airborne Innovations LLC,4,3,No,No,No
"Airborne Outfitters, LLC",2,1,No,No,No
Airborne Research Associates,1,N/A,No,No,No
"Airborne Technologies, Inc.",3,4,No,No,No
AIRBUOYANT LLC,1,1,No,No,No
"AIRCARE LABS, LLC",1,3,No,No,No
Aircor Inc,1,N/A,No,No,No
Airdex Corpon,1,N/A,No,No,No
AIREX CORP.,12,13,No,No,No
Airex Corpon,1,N/A,No,No,No
AIRFLOW SCIENCES CORPORATION,7,29,No,No,No
AIRFOILS INC,2,1,No,No,No
"Airgility, Inc.",2,15,No,Yes,No
"Airity Technologies, Inc.",2,7,No,No,No
AirLIft Environmental LLC,3,N/A,No,No,No
"Airmap, Inc.",2,45,No,No,No
"AIROCARE, INC.",1,18,No,No,No
AIRPHOTON LLC ,1,12,No,Yes,No
"AirShare Systems, Inc.",1,9,No,Yes,No
"Airsign, Inc.",2,35,No,No,No
Airspace Technology Corp,3,20,No,No,No
Airsport Corp.,2,N/A,Yes,No,No
"AIRSTREAMS RENEWABLES, INC.",1,30,No,No,No
Airtech Precision Shot,2,16,No,No,No
AIRTRAX CORP.,2,5,No,No,No
AIRTRONICS,2,40,No,No,No
Airviz Inc.,1,7,No,No,No
Ais Systems Inc,1,7,No,No,No
AISN SOFTWARE,1,N/A,No,No,No
"Aither Engineering, Inc.",3,9,No,No,No
"AIVOCODE, INC.",4,3,No,No,No
"AJ MEDICAL DEVICES, INC.",2,N/A,No,No,No
Aj Systems,1,1,No,No,No
AJA Inc.,1,25,No,No,No
"Ajjer, Llc",4,5,No,No,No
AJK TECHNOLOGY,1,1,No,No,No
AJM International Electronics Consultants,2,2,Unavailable,Unavailable,Unavailable
"AJT and Associates, Inc",4,18,No,Yes,No
AK Circuit Corporation,1,2,No,No,No
Akabotics Corp.,2,2,No,No,No
"Akadio, Inc.",5,37,No,No,No
"Akai Kaeru, LLC",3,3,No,No,No
"AKAMAI PHYSICS, INC.",4,4,No,No,No
"AKANOCURE PHARMACEUTICALS, INC.",3,3,Yes,No,No
AKAZA RESEARCH,2,N/A,No,No,No
"AKCELI, INC.",1,N/A,No,No,No
AKELA INC,16,15,No,No,No
AKEM LLC,1,2,Yes,No,No
Aker Industries Inc,2,N/A,No,No,No
Akermin Incorporated,2,15,No,No,No
"Akers Associates, Inc.",1,3,No,No,No
Akervall Technologies Inc,3,6,Yes,No,No
"AKESO HEALTH SCIENCES, LLC",2,N/A,No,No,No
Akhiok Tribal Enterprises,1,N/A,No,Yes,No
"AKINA, INC.",6,14,No,Yes,No
AKITA INNOVATIONS LLC ,15,7,No,No,No
AKKADIX CORPORATION,1,N/A,No,No,No
"Akm Associates, Inc.",23,12,No,Yes,No
Akman Associates Inc,1,11,No,No,No
"Akonia Holographics, LLC",2,20,No,No,No
AKONNI BIOSYSTEMS INC.,23,12,No,No,No
"Akorn Technology, Inc.",1,1,No,No,No
"AKOS ZARANDY EUTECUS, INC.",1,12,No,No,No
Akouos,1,1,No,No,No
"AKOUSTIS, INC.",3,91,No,No,No
"Akoya Biosciences, Inc.",1,2,No,No,No
"AKRIVIS TECHNOLOGIES, LLC",2,7,No,Yes,Yes
Akrobotix LLC,1,2,No,Yes,Yes
"AKRON AIR MATERIALS, LLC",2,3,No,No,No
Akron Ascent Innovations LLC,2,1,No,No,Yes
"Akron Biotechnology, LLC",3,23,Yes,No,No
Akron PolyEnergy Inc.,1,4,No,No,No
"AKRON POLYMER SYSTEMS, INC.",5,12,No,No,No
"AKRON RUBBER DEVELOPMENT LABORATORY,INCORPORATED",6,100,No,No,No
AKROSENSE LLC,1,12,No,Yes,Yes
"Akrotome Imaging, INC",4,3,No,No,No
AKSTON BIOSCIENCES CORP,4,5,No,No,No
AKTIV-DRY,9,N/A,No,No,No
AKTIVAX INC,3,47,No,No,No
AKTIWAVE LLC,3,5,Yes,No,No
AKURE,1,N/A,Yes,No,No
"AL Ventures, LLC",1,1,Yes,No,No
"ALA SCIENTIFIC INSTRUMENTS, INC.",7,10,No,No,No
Alabama Catfish Inc. d/b/a Harvest Select Farm,3,N/A,No,No,No
"Alabama Cryogenic Engineering, Inc.",56,4,No,No,No
Alabama Research,2,N/A,No,No,No
Alacrity Semiconductors Inc,2,4,No,Yes,Yes
"Alacron, Inc.",7,N/A,No,No,No
"ALAFAIR BIOSCIENCES, INC.",2,0,No,No,No
"Alakai Defense Systems, Inc.",6,14,No,No,No
"Alamanda Polymers, Inc.",1,2,Yes,No,No
"Alamar Biosciences, Inc.",1,5,No,No,No
Alameda Applied Sciences Corporation,103,2,No,No,No
Alamo Instruments,1,2,No,No,No
"ALAMX, LLC",1,N/A,No,No,No
Alan Penn &amp; Associates Inc,10,1,No,No,No
"Alanthus Associates, Inc.",1,6,No,No,No
Alantro Communications Inc,1,N/A,No,No,No
"Alaphatech, Inc.",3,10,No,No,No
"Alare Technologies, LLC",2,19,No,No,No
Alaska AgriTech Inc. ,1,3,Yes,Yes,No
Alaska Green Gold Company,3,N/A,No,No,No
"Alaska Native Technologies, LLC",9,64,No,No,No
"Alaska Project Solutions, Inc.",1,2,Yes,No,No
Alaunus Biosciences,2,1,No,No,No
ALBA THERAPEUTICS CORPORATION,2,N/A,No,No,No
"Alba-Technic, LLC",4,2,Yes,No,No
Albanese Defense and Energy Development Company,3,3,No,No,No
Albany Cardiothoracic Surgeons,1,N/A,No,No,No
"ALBANY INSTRUMENTS, INC.",1,2,No,No,No
"ALBANY MOLECULAR RESEARCH, INC.",7,N/A,No,No,No
Albany Titanium Inc.,2,25,No,No,No
"Albeado, Inc.",2,8,No,Yes,No
"Albers Group, LLC, The",2,139,No,Yes,No
Albers Research &amp; Dev. Assocs,2,N/A,No,No,No
ALBERT I. KING,4,5,No,No,No
"Alberti&#039;s Window, LLC",5,2,No,No,No
Albido Corporation,8,3,No,No,No
Albion Instruments,4,N/A,No,No,No
ALBUQUERQUE AVIAN EXOTIC,2,N/A,No,No,No
"AlburtyLab, Inc.",2,0,No,No,No
ALBUS IMAGING LLC,2,5,Yes,No,No
"Alcamena Stem cell Therapeutics, LLC",2,2,No,No,No
Alcatera Inc.,3,5,No,No,No
"Alcedo, Inc.",1,14,No,No,No
"ALCES Technology, Inc.",8,8,No,No,No
"Alchem Field Services, Inc.",2,N/A,No,No,No
"Alchemet, Inc.",2,N/A,No,No,No
"ALCHEMIE SOLUTIONS, INC.",4,7,Yes,No,No
Alchemist Technologies,1,N/A,No,No,No
"ALCHEMR, INC.",3,4,No,No,No
ALCHEMY GEOPOLYMER SOLUTIONS LLC,2,2,No,No,No
ALCHLIGHT,4,5,No,No,Yes
Alcide Corp,1,N/A,No,No,No
Alcohol Self-control Program,3,N/A,No,No,No
ALCOR BIOSEPARATIONS,3,N/A,No,No,No
Alcorix Co.,4,3,No,No,No
"ALD NANOSOLUTIONS, INC",27,20,No,No,No
"ALDATU BIOSCIENCES, INC.",6,9,No,No,No
"Aldea Communication, Inc.",3,N/A,Yes,Yes,No
Alden Electronics Inc,2,N/A,No,No,No
Alden Products Co.,1,12,No,No,No
"ALDEN RESEARCH LABORATORY, INC.",1,82,No,No,No
Aldenex Vision LLC,2,4,No,No,No
"ALDER BIOPHARMACEUTICALS, INC.",1,3,No,No,No
Alder Research Center,2,N/A,No,No,No
"ALDERON BIOSCIENCES, INC.",63,2,No,No,No
Aldevron,2,70,No,No,No
Alditri Technologies,2,2,No,No,No
"ALECTOR, LLC",2,25,No,No,No
"ALEF OMEGA, INC.",3,2,No,No,No
"Alelo Tlt, LLC",14,20,No,No,No
"Alem Associates, Inc.",15,N/A,No,No,No
Alenas Imaging LLC,1,3,No,No,No
ALENTEC,1,3,No,No,No
ALEO BME INC,2,4,No,No,Yes
Aleph Laboratories Inc.,1,N/A,No,No,No
"Aleph Therapeutics, Inc.",2,2,No,No,No
"ALERION BIOMEDICAL, INC.",2,N/A,No,No,No
"Alerje, Inc.",1,3,No,Yes,Yes
Alers Photovoltaics,2,3,No,No,No
"ALERTEK, LLC",2,N/A,No,No,No
Alesat Corp,2,5,No,No,No
"Alessa Therapeutics, Inc.",1,4,No,No,No
ALETAV TECHNOLOGIES,1,2,No,No,No
"ALEX AND ALICE, INC.",1,6,No,Yes,No
Alex Hartov Consulting,1,N/A,No,No,No
ALEXANDER BIODISCOVERIES,4,0,No,No,No
ALEXANDRIA HEALTH LLC,1,4,No,No,No
"Alexion Pharmaceuticals, Inc.",7,N/A,No,No,No
Alexium Government Solutions LLC,1,7,No,No,No
Alexza Molecular Delivery Corporation,12,N/A,No,No,No
Alfa Engineering Inc,1,12,No,No,No
Alfadan Inc,1,4,Unavailable,Unavailable,Unavailable
"Alfalight, Inc.",1,40,No,No,No
ALGAEN CORPORATION,8,4,No,Yes,No
Algal Scientific Corporation,1,N/A,No,No,No
ALGAXPERTS LLC,1,6,No,Yes,No
Algen Biotechnologies Inc,1,5,No,No,No
ALGENESIS CORPORATION,4,11,No,No,No
"ALGENIX, INC.",5,N/A,No,No,No
Algenol Biotech LLC,2,85,No,No,No
ALGENTA TECHNOLOGIES LLC ,2,3,No,No,No
Alger Stirling Company,3,1,No,No,No
Algisys,1,2,No,No,No
"ALGLUTAMINE, LLC",1,N/A,No,No,No
Algoma Algal Biotechnology LLC,2,2,No,No,No
"ALGOMEDIX, INC.",5,7,No,No,No
"AlgometRx, Inc.",1,2,Yes,No,No
Algorithm Design &amp; Measurement,3,2,No,No,No
ALGORITHMAX,1,N/A,No,No,No
Algorithmica Llc,1,3,No,No,No
"ALGORITHMRX, LLC",2,5,No,No,No
"ALGOS THERAPEUTICS, INC.",1,N/A,No,No,No
ALGOSOL LLC,1,2,No,No,No
"ALGYNOMICS, INC.",1,0,No,No,No
ALIAS-I,2,N/A,No,No,No
Alico Systems Inc,3,18,No,No,No
ALIDA BIOSCIENCES INC,1,10,No,No,No
"ALIDADE, INC.",1,7,No,No,No
ALIEN SANDBOX LLC,2,2,No,No,No
Align Sciences Ltd,1,1,No,Yes,No
Aligned Carbon Inc.,1,3,No,No,No
"Aligned Concepts, LLC",2,3,No,Yes,No
"Alio, Inc.",1,30,No,No,No
ALIR TECHNOLOGIES LLC,1,1,No,Yes,No
"Aliro Technologies, Inc.",5,12,No,No,No
ALISBIO LLC,1,4,No,No,No
Alitea U S A,1,N/A,Yes,No,No
Alitea-Berkeley Instruments,1,N/A,No,No,No
"Alitheon, Inc.",1,16,No,No,No
Aliva Biopharmaceuticals,2,4,No,No,No
"Alkar-RapidPak, Inc.",2,N/A,No,No,No
Alkemix Corporation,1,5,No,No,No
"ALKERMES, INC.",11,N/A,No,No,No
"ALKEUS PHARMACEUTICALS, INC.",2,2,No,No,No
"ALKYMOS, INC",2,N/A,No,No,No
"ALL OPTRONICS, INC.",5,4,Yes,No,No
All Power Labs Inc,2,29,No,No,No
ALL THINGS BUGS LLC,10,1,No,No,No
"All Vision Technologies, Inc.",2,4,No,No,No
All-Tech Solutions,1,64,No,No,No
Allander Biotechnologies,3,3,Yes,Unavailable,Unavailable
ALLAY THERAPEUTICS INC,1,51,Unavailable,Unavailable,Unavailable
"Allbeams, Inc.",1,1,No,Yes,Yes
"AllCells, LLC",1,52,No,Yes,No
Allcomp Inc.,63,16,No,No,No
Allegheny Powder Metallurgy,1,N/A,No,No,No
ALLEGORY LABS LLC,2,1,No,No,No
"Allegro 3D, Inc.",3,4,Yes,No,No
"ALLEGRO DIAGNOSTICS, INC.",2,N/A,No,No,No
ALLELE BIOTECHNOLOGY AND PHARMACEUTICALS,17,0,No,Yes,No
"ALLELE DIAGNOSTICS, inc",2,10,No,No,Yes
"ALLEN OSBORNE ASSOC., INC.",1,25,No,No,No
Allen/loeb Assoc,3,N/A,No,No,No
ALLEN/LOEB ASSOCIATES,3,0,No,No,No
Allergene,1,N/A,No,No,No
Allergy And Asthma Consultants,2,14,No,No,No
Allergy Immuno Technologies,2,16,No,No,No
"Alleviant Medical, Inc.",1,24,No,No,No
"ALLEZ PHYSIONIX, LTD",6,N/A,No,No,No
ALLIANCE DISCOVERY INC.,2,1,No,No,No
ALLIANCE FOR COMMUNITY RESEARCH AND DEV,1,N/A,Yes,Yes,No
Alliance Pharmaceutical Corp.,5,N/A,No,No,No
"Alliance Spacesystems, LLC",3,105,No,No,No
"Allied Associates International, Inc.",2,100,No,No,No
Allied Energy Systems Inc,1,N/A,No,No,No
"Allied Engineering Services, Inc.",1,N/A,No,No,No
Allied Forces Solutions,1,0,Unavailable,Unavailable,Unavailable
Allied Innovative Systems LLC,20,N/A,No,No,No
ALLIED MICROBIOTA LLC,2,2,Yes,Yes,No
Allied Polymer Innovations Inc,1,3,No,Unavailable,Yes
ALLIED SYSTEMS COMPANY,2,200,No,No,No
"Alligant Scientific, LLC",2,6,No,No,No
"ALLIMMUNE, LLC",2,N/A,No,No,No
"Allinaire Therapeutics, LLC",2,4,No,No,Yes
"Allomics, Inc.",1,2,No,No,No
Allopartis Biotechnologies,4,6,No,No,Yes
"Allos Therapeutics, Inc.",2,N/A,No,No,No
"ALLOSENSE, INC.",1,7,No,Yes,Yes
ALLOSTERIX PHARMACEUTICALS LLC,1,1,No,No,No
"ALLOSTEROS THERAPEUTICS, INC.",7,0,No,No,No
Allotech Inc,3,N/A,No,No,No
Allotrope Medical Inc.,2,2,No,No,No
"Allotropica Technologies, Inc.",2,6,No,No,No
"ALLOY COMPUTING, LLC",1,3,No,No,No
ALLOY ENTERPRISES INC.,2,19,No,No,No
"Alloy Surfaces Company, Inc.",2,29,No,No,No
Alltech. Inc.,2,N/A,No,No,No
"ALLTRANZ, INC.",5,N/A,Yes,No,No
"ALLUMIA, LLC",1,12,Unavailable,Unavailable,Unavailable
Allure Security Technology,2,1,No,No,No
"ALLUVIUM BIOSCIENCES, INC.",6,2,No,No,No
"Allvia, Inc.",1,14,No,No,No
"ALLVIVO VASCULAR, INC.",9,N/A,No,No,No
"ALLYKE, INC.",1,7,No,No,No
Allylix Inc.,1,6,No,No,No
Allyx Therapeutics Inc.,1,1,No,No,No
Alm Inc.,1,27,No,No,No
Almatech,1,N/A,No,No,No
Alme &amp; Associates,1,N/A,No,No,No
Alme and Associates,2,N/A,No,No,No
"ALMEN LABORATORIES, INC.",4,N/A,Yes,No,No
ALNYLAM PHARMACEUTICALS,1,N/A,No,No,No
"ALO, INC.",1,3,Yes,No,No
"ALODAR SYSTEMS, INC.",1,N/A,No,No,No
ALOFT SENSING INC,2,4,No,No,No
Alpenglow Instruments LLC,2,6,No,No,No
"ALPERIN NONINVASIVE DIAGNOSTICS, INC.",2,3,No,No,No
"Alph Technologies, LLC",1,2,Unavailable,Unavailable,No
"Alpha Beta Technologies, Inc.",1,18,No,Yes,No
"Alpha Drive, Inc.",1,1,Yes,No,No
Alpha Environmental Laboratory,1,N/A,No,No,No
Alpha Group Systems,1,2,No,No,No
"ALPHA INFORMATICS, LIMITED",1,4,Yes,No,No
"Alpha Interventional, Inc.",2,N/A,No,No,No
Alpha M.O.S. America Incorporated,1,N/A,No,No,No
"Alpha Manufacturing, Inc.",3,29,No,No,No
"ALPHA OMEGA ELECTROMAGNETICS, LLC",18,5,No,No,No
"Alpha Optical Systems, Inc.",2,47,No,No,No
"Alpha Photonics, Inc.",2,20,Yes,No,No
Alpha Recon LLC,2,20,No,Yes,No
"ALPHA SCENTS, INC.",8,7,No,No,No
ALPHA STATCONSULT LLC ,1,4,Yes,No,No
ALPHA UNIVERSE LLC,12,3,No,No,No
"ALPHA-1 AEROSPACE, LLC.",1,3,No,No,No
"ALPHA-BETA TECHNOLOGY, INC.",4,N/A,No,No,No
alpha-En Corporation,1,10,No,No,Yes
"ALPHA-GAMMA TECHNOLOGIES, INC.",2,50,No,Yes,No
"Alphabet Energy, Inc.",4,3,No,No,No
"ALPHACORE PHARMA, LLC",2,N/A,No,No,No
"Alphacore, Inc.",82,22,No,No,No
"ALPHAGENE, INC.",1,N/A,No,No,No
"ALPHAMED, INC",13,N/A,No,No,No
"Alphamicron, Inc.",7,38,No,No,No
"Alphaport, Inc.",2,12,Yes,No,Yes
"ALPHASENSE, INC.",31,6,Yes,No,No
ALPHASTAR TECHNOLOGY SOLUTIONS LLC,46,15,Yes,No,No
"ALPHATECH, INC.",228,203,No,No,No
ALPHATHERA,6,6,No,No,No
"ALPHATRAC, INC.",3,15,No,No,No
ALPHION CORP.,1,23,No,No,No
ALPINE HYDROMET,1,1,No,No,No
Alpine Media,2,N/A,Yes,No,No
Alpine Research Inc.,1,N/A,No,No,No
Alps South LLC,1,115,No,No,No
"ALPZHI, INC.",2,5,No,No,No
"ALQIMI NATIONAL SECURITY, INC.",1,38,No,Yes,No
"ALS BIOPHARMA, LLC",1,1,No,No,No
Als Co,1,N/A,No,Yes,No
"Alsb Crystal Technology, Inc.",1,N/A,No,No,No
"ALSUS MEDICAL, INC.",1,1,No,No,No
Altadena Instruments,2,N/A,No,No,No
"Altaeros Energies, Inc.",5,5,No,No,No
"Altair Center, Llc.",34,6,No,No,No
"Altair Computing, Inc.",2,N/A,No,No,No
"ALTAIRNANO, INC.",5,105,No,No,No
"ALTALITY, INC.",2,8,Yes,No,No
"Altarock Energy, Inc.",1,24,No,No,No
"ALTASIM TECHNOLOGIES, LLC",7,6,No,No,No
"ALTBIOTICS, LLC ",1,1,No,No,No
Altea Therapeutics Corporation,7,N/A,No,No,No
ALTEC INC,22,22,Yes,No,No
ALTEC USA,1,N/A,No,No,No
"Altect, Inc.",2,3,No,Yes,No
"Alterna Therapeutics, Inc.",1,1,No,No,No
Alternative Agricultural,1,N/A,No,No,No
ALTERNATIVE AVIATION FUELS LLC,1,1,No,No,No
"Alternative Energy Solutions, Inc.",3,3,No,No,No
"Alternative Energy Systems Consulting, Inc.",1,N/A,No,No,No
"Alternative Fuel Technology, LLC",4,4,No,No,No
ALTERNATIVE HEALTH CARE RESEARCH,1,N/A,Yes,No,No
"ALTERNATIVE SYSTEM CONCEPTS, INC.",15,6,No,No,No
Altex Corp.,2,N/A,No,No,No
Altex Technologies Corporation,112,14,No,No,No
"ALTHEA TECHNOLOGIES, INC.",4,N/A,No,No,No
"ALTHEXIS COMPANY, INC.",3,N/A,No,No,No
"Altigg Therapeutics, Inc.",1,2,No,No,No
"Altis Biosystems, Inc.",6,13,No,No,No
AltiSora LLC,1,2,No,No,No
Altitude Pharma,1,1,No,No,No
"ALTIUS SPACE MACHINES, INC. ",15,329,No,No,No
"Alto Neuroscience, Inc.",1,4,No,No,No
"Altometrics, Inc.",1,2,No,No,No
Altor Bioscience LLC,22,25,No,No,No
"Altoris, Inc.",3,N/A,No,No,No
"Altos, Inc.",1,3,No,No,No
"ALTRAVAX, INC",9,4,No,No,No
"Altrix Medical, Inc.",2,2,No,No,No
"Altron, Inc.",5,108,No,No,No
"ALTRUE.COM, INC.",3,N/A,No,Yes,No
"Altrum Technologies, Inc",4,4,No,No,No
Altuda Energy Corporation,8,2,No,No,No
"ALTUS BIOLOGICS, INC.",12,N/A,No,No,No
Altus Corp.,5,49,No,No,No
ALTUSYS CORP.,11,5,No,No,No
"ALTYX SURGICAL, INC.",1,3,Yes,No,No
"ALUME BIOSCIENCES, INC.",2,3,Yes,No,Yes
Aluminastic,1,5,No,No,No
ALVA HEALTH INC,3,1,No,Yes,No
"ALVEOLI MEDICAL, LLC",1,N/A,No,No,No
Alvin Lowi &amp; Associates,2,N/A,No,No,No
Alwayson MRI,1,N/A,No,No,No
ALYNMNT DEV I LLC,1,1,No,No,No
Alzeca Biosciences,1,1,No,No,No
"AM BIOTECHNOLOGIES, LLC",13,6,No,No,No
"Am Technologies, Inc.",1,4,No,Yes,No
"Amac International, Inc.",16,11,No,No,No
Amador Research Corp,1,2,No,No,No
"AMAIN ELECTRONICS CO., INC.",24,9,No,No,No
Amalga Composites Inc,1,N/A,No,No,No
"Amalgam Industries, Inc.",1,2,No,No,No
Amalgamated Technologies Inc.,3,N/A,No,No,No
"Amar Transportation Research &amp; Consulting, Inc.",1,8,No,Yes,No
Amaratek,1,5,No,No,Yes
"Amarillo Biosciences, Inc.",2,N/A,No,No,No
Amas Consortium,1,1,No,No,No
AMAYSING IDEAS LLC,1,1,Yes,No,No
"Amazability, Inc.",3,N/A,No,No,No
Amazing Grains Grower Cooperative,1,N/A,No,No,No
AMBALUX CORP.,7,6,No,No,No
"Ambay Immune Sensors And Controls, LLC",1,6,Yes,No,No
"Amber Agriculture, Inc.",2,2,No,No,No
Amber Engineering Inc,4,N/A,No,No,No
Amber Waves Software,6,6,No,No,No
"Ambercycle, Inc.",2,2,No,No,No
"AMBERGEN, INC",57,6,No,No,No
"AMBERSTONE BIOSCIENCES, INC.",3,12,No,Yes,No
AMBERWAVE SYSTEMS CORP.,4,6,No,No,No
"Amberwave, Inc.",5,4,No,No,Yes
"AMBI ROBOTICS, INC.",1,15,No,No,No
"Ambi, Inc.",1,N/A,No,No,No
Ambico Inc,1,N/A,No,No,No
"Ambient Computing, Inc.",1,N/A,No,No,No
"AMBIENT LOGIC, LLC",1,2,No,No,No
AMBIENT MICRO,3,4,No,No,No
"AMBION DIAGNOSTICS, INC.",72,N/A,No,No,No
"AMBION, INC.",1,0,No,No,No
Ambiq Micro,1,4,No,No,No
"AMBOTS, INC.",2,5,No,No,Unavailable
AMBP Technology Corporation,16,3,No,No,No
"AMBRYX BIOTECHNOLOGY, INC.",2,0,No,No,No
"AMBULATORY MONITORING, INC.",13,N/A,No,No,No
"Amchemteq, Inc",2,3,No,No,No
"AMCOM Communications, Inc.",5,10,No,No,No
Amcomp Corp.,1,6,No,Yes,No
AMDX PROGNOSTX Incorporated,1,3,No,No,No
Amdyne Corp,1,23,No,Yes,No
AMEBAGONE INC,6,1,No,No,No
AMELGO,2,5,No,No,No
Amelia Technologies LLC,5,4,Yes,No,No
Amend Music Center,1,N/A,No,No,No
Ameranth Technology Systms,3,8,No,No,No
"Amerasia Technology, Inc.",36,20,No,Yes,No
Amercom Inc,6,2,No,No,No
"AMERCOM, A SYNTERIALS CO.",1,N/A,No,No,No
"AMERGINT Technologies, Inc.",3,25,No,No,No
"AMERICA&#039;S PHENIX, INC.",6,1,No,Yes,No
American Academy of Aeronautics,1,25,No,No,No
American Acoustical Prod,1,54,No,No,No
American Advanced Technologies,1,1,No,No,No
American Aerospace Engineering LLC,1,10,No,No,No
"American Aerospace Technologies, Inc",1,4,No,No,No
AMERICAN ANDROI,5,24,No,No,No
American Artificial Larynx Com,1,N/A,No,No,No
American Benchmark Machine Works,2,7,No,No,No
"American Biodiesel, Inc. Dba Community Fuels",1,12,No,No,Yes
American Biogenetic Scie Inc,1,N/A,No,No,No
AMERICAN BIOGENETIC SCIENCES,2,N/A,No,No,No
American Biointerface Corp,3,N/A,No,No,No
American Biomed Inc,1,N/A,No,No,No
"American BioOptics, LLC",5,3,No,No,No
American Biophysics Corporation,3,N/A,No,No,No
"American Biorganics, Inc.",1,N/A,No,No,No
American Biorobotics Inc.,2,N/A,No,No,No
American Biotechnology Co,6,10,No,No,No
AMERICAN BIOTECHNOLOGY RESEARCH CORP,2,N/A,No,Yes,No
American Boremene Inc,2,N/A,No,No,No
American Boronite Corporation,5,12,No,No,No
American Ceramic,1,2,No,No,No
American Cimflex Corpon,1,N/A,No,No,No
American Combustion Inc,2,N/A,No,No,No
"American Commodities, Inc (ACI)",3,60,No,No,No
American Composite Technology,5,11,No,No,No
American Computational Tech,1,2,No,No,No
American Computing Inc,1,5,No,No,No
American Creative Machine Enterprise.llc,1,6,No,No,No
American Daedalus LLC,1,2,No,No,Unavailable
American Domain Names LLC,1,2,No,No,No
"American Dynamics Flight Systems,",1,4,No,No,No
American Eagle Fuels Inc,1,N/A,No,No,No
American Ecotech L.C.,7,15,No,No,No
"American Educational Assoc., Inc.",1,N/A,No,No,No
"AMERICAN ELECTROMECHANICS, INC.",1,2,No,No,No
AMERICAN ENERGY TECHNOLOGIES COMPANY,19,17,Yes,No,No
American Energy Valve Co,1,27,No,No,No
"AMERICAN ENGINEERING &amp; MANUFACTURING, INC.",3,16,No,No,No
AMERICAN ENGINEERING GROUP LLC,2,5,Yes,No,No
American Fuel Cell LLC,1,3,No,No,No
AMERICAN GENE TECHNOLOGIES INTERNATIONAL,3,0,No,No,No
AMERICAN GNC CORPORATION,182,8,Yes,Yes,No
American Health Research,2,N/A,No,Yes,No
American Health Sciences Corpo,1,N/A,No,No,No
American Heuristics Corporation,1,N/A,No,No,No
AMERICAN HIGHTECH MATERIALS COMPANY,1,N/A,No,No,No
American Holographic Inc,2,N/A,No,No,No
American Hospital Directory,1,N/A,No,No,No
AMERICAN HYDRO JET CORP.,1,N/A,No,No,No
"American Hyperform, Inc",3,2,No,No,No
"American Industrial Casting,",3,50,No,No,No
"American Innovision, Inc.",8,N/A,No,No,No
American Institute For Rsrch,1,N/A,No,No,No
"American Integrated Biologics, Inc.",1,N/A,No,No,No
American Joining Institute,2,N/A,No,No,No
AMERICAN LABORATORY SUPPLIES,17,N/A,Yes,Yes,No
"AMERICAN LIFE SCIENCE PHARMACEUTICALS, INC.",7,3,No,No,Yes
American Lithium Energy Corp.,11,20,No,No,No
"American Maglev Technology of Florida, Inc.",16,2,No,No,No
"American Magnetics, Inc.",10,N/A,No,No,No
American Manufacturing LLC,1,1,No,No,No
"AMERICAN METAL PROCESSING, INC.",5,15,No,No,No
American Micro-optical Inc,2,N/A,No,No,No
American Minority,3,N/A,No,Yes,No
American Monitor Corp,2,27,No,No,No
American Nanofluidics,1,1,No,No,No
AMERICAN NANOTECHNOLOGIES INC,2,2,No,No,No
AMERICAN PACIFIC CORP.,1,197,No,No,No
"AMERICAN PHOTONICS TECHNOLOGY, INC.",9,N/A,No,No,No
American Physics and Technology LLC,3,2,No,No,No
American Power Jet Company,5,18,No,No,No
American Process Design Inc,1,N/A,No,No,No
American Remote Vision Company,3,2,No,No,No
American Research Corporation of Virginia,154,12,No,No,No
American Rocket Company,3,N/A,No,No,No
"American Science and Engineering, Inc.",13,340,No,No,No
American Science and Technology,1,15,No,No,No
"American Semiconductor, Inc. ",21,13,No,No,No
American Software Safety Reliability Ltd.Co,1,10,No,No,No
AMERICAN SOLAR INC,1,4,No,No,No
AMERICAN SUPERCONDUCTOR CORPORATION,90,402,No,No,No
"American Sustainable Rubber Company, LLC",1,5,No,No,No
"AMERICAN SYSTEMS TECHNOLOGY, INC.",6,42,No,Yes,No
"AMERICAN TECHNICAL COATINGS, INC.",10,9,No,No,No
American Technical Services,3,2,No,No,No
American Technology,1,3,No,No,No
"American Technology &amp; Services, Inc.",5,7,No,No,No
AMERICAN TELENETICS CO. LLC,1,1,No,No,No
American Testing Services LLC,3,24,No,No,No
"American Ult Cryogenics, LLC",2,20,No,No,No
American Undulator As Alexander Mikhailichenko,1,2,No,No,No
AMERICAN XTAL TECHNOLOGY,12,12,No,No,No
"AMERIGENICS, INC.",27,N/A,No,No,No
"Amerind, Inc.",2,27,Yes,Yes,No
"AMERINEX APPLIED IMAGING, INC.",10,N/A,No,No,No
"Ameristar Solar, LLC ",1,2,No,No,No
Amerom LLC,1,3,Yes,No,No
AMES Inc.,1,4,No,No,No
"AMES TECHNOLOGY, INC.",6,N/A,No,No,No
Amethyst Research Incorporated,59,12,No,No,No
"AMETHYST TECHNOLOGIES, INC.",6,N/A,Yes,No,No
AMG ENGINEERING &amp; MACHINING INC,3,50,No,Yes,No
Amgen,3,N/A,No,No,No
Amgi Animation LLC,1,25,No,No,No
"AMHERST SYSTEMS, INC.",68,18,No,No,No
Ami Consultants,2,N/A,No,No,No
"AMI Research &amp; Development, LLC",1,5,No,No,No
"Amicrobe, Inc.",1,4,No,No,No
"Amida Technology Solutions, Inc.",2,77,No,No,No
"AMIDEBIO, LLC",3,7,No,No,No
"Amino Company LLC, The",1,4,No,No,No
"AMIRA LEARNING, INC.",1,7,No,No,No
"AMISSA, INC.",1,1,No,No,No
Amita,5,N/A,No,No,No
"Amjet Turbine Systems, LLC",2,N/A,Unavailable,Unavailable,Unavailable
Ammunition Technologies Inc,3,2,No,No,No
"Amniotech, Inc.",4,N/A,No,No,No
Amnis Corporation,31,31,No,No,No
"Amonix, Inc.",7,N/A,No,No,No
Amorient Aquafarm Inc.,1,N/A,No,No,No
Amorphic Tech Ltd,2,5,No,No,No
Amorphous Technologies,3,15,No,No,No
"Amorphyx, Incorporated",3,10,No,No,No
Amp Sport Inc,1,6,No,No,No
"Ampac Biotechnology, Inc.",1,2,No,No,No
AMPAC IN-SPACE PROPULSION,1,90,No,No,No
"Ampaire, Inc.",1,9,No,No,No
Amparo Corp.on,14,N/A,No,No,No
Ampcera Inc.,2,7,No,Yes,No
AMPEERS LLC,7,5,No,No,No
Amperics Inc.,1,5,No,No,No
Ampersand Biosciences LLC,1,7,Yes,No,No
Ampex Data Systems,2,62,Unavailable,Unavailable,Unavailable
Amphionic LLC,8,4,No,No,No
"AMPHP, Inc.",6,15,No,No,No
AMPL Optimization,1,2,No,No,No
"Amplicode, Inc.",1,6,No,No,No
AMPLICON CORPORATION,4,N/A,No,No,No
"Amplification Technologies, Inc.",10,26,No,No,No
"AMPLIFIED DESIGN SOLUTIONS, LLC",1,1,No,No,No
"AMPLIFIED PROTEOMICS, INC.",4,N/A,No,No,No
AMPLION INC.,1,6,No,No,No
"Amplistar, Inc.",1,N/A,No,No,No
"Amplo Biotechnology, Inc.",1,3,Unavailable,Unavailable,Unavailable
"Amplyx Pharmaceuticals, Inc.",13,24,No,No,No
"Amprion, Inc.",10,17,No,No,No
Ampulse Corporation,1,10,No,No,No
"AmpWaveTech, LLC",4,2,No,No,No
"AMPX Technologies, Inc.",2,3,Unavailable,No,No
Amriton LLC,2,1,Yes,Yes,No
AMRON CORPORATION,27,N/A,No,No,No
Amron Management Consultant,2,N/A,No,No,No
AMS. Inc.,5,2,No,No,No
AMSEL MEDICAL CORPORATION,2,6,No,No,No
AMSEN TECHNOLOGIES LLC,32,6,No,No,No
Amseta Corporation,2,3,Yes,Yes,No
"AMT Nano, LLC",1,2,No,No,No
AMT TECHNOLOGIES CORPORATION,1,N/A,No,No,No
"AMT, INC.",16,N/A,No,No,No
Amtec Corporation,14,183,No,No,No
Amtec Engineering Inc,22,N/A,No,No,No
"AMULET PHARMACEUTICALS, INC.",7,N/A,No,No,No
"AMUNIX, INC.",5,N/A,No,No,No
"AMUZA, INC",1,6,No,No,No
Amydis Diagnostics Inc. ,8,5,Yes,No,No
"AMYGDALA NEUROSCIENCES, INC.",1,2,No,No,No
AMYRIS BIOTECHNOLOGIES,4,N/A,No,No,No
An Uncommon Lab,1,1,Unavailable,Unavailable,Unavailable
"Anabas, Inc.",3,4,No,No,No
ANABIOS CORPORATION,5,14,No,No,No
"ANABUS, INC.",2,N/A,No,No,No
Anacapa Sciences,2,N/A,No,No,No
"Anacapa Sciences, Inc.",57,15,No,No,No
"Anactisis, LLC",3,3,No,No,No
Anadigics Inc,4,65,No,No,No
"Anadyne, Inc.",1,2,No,No,No
"ANADYS PHARMACEUTICALS, INC.",10,N/A,No,No,No
ANAEROBE SYSTEMS INC,2,22,No,No,No
ANAFLASH INC.,4,4,No,No,No
ANAGIN,6,4,No,No,No
ANALASE LLC,3,N/A,No,No,No
Analatom Inc,37,7,No,No,No
ANALEX CORP.,5,21,Yes,No,No
"Analex Space Systems, Inc.",2,N/A,No,No,No
"ANALIZA, INC.",12,N/A,No,No,No
Analog Circuit Design,1,3,No,No,No
"ANALOG COMPUTING SOLUTIONS, INC.",1,2,No,No,No
ANALOG PHOTONICS LLC ,9,24,No,No,No
Analog/digital Integrated,2,4,No,No,No
"ANALOGIC ENGINEERING, INC.",4,2,Yes,No,No
Analtom Inc,2,N/A,No,No,No
Analysas Corp,1,N/A,Yes,No,No
Analysis &amp; Computer Systems I,3,10,No,No,No
"ANALYSIS &amp; DESIGN APPLICATION CO., LTD.",1,103,No,No,No
"ANALYSIS &amp; SIMULATION, INC.",25,11,No,No,No
"Analysis and Applications Associates, Inc.",2,2,No,No,No
ANALYSIS AND MEASUREMENT SERVICES CORPORATION,66,67,No,No,No
ANALYSIS DESIGN &amp; DIAGNOSTICS INC,26,10,No,No,No
"Analysis, Integration And Design, Inc.",6,5,No,No,No
"Analyswift, LLC",5,3,No,No,No
Analytek Limited,3,18,No,No,No
"Analytic Design Laboratories, Inc",3,1,No,No,No
ANALYTIC DESIGNS INC,10,9,No,No,No
"ANALYTIC FOCUS, LLC",2,65,Yes,No,No
Analytic Measures Incorporated,5,10,No,No,No
ANALYTIC POWER LLC,20,4,Yes,No,No
"ANALYTICA OF BRANFORD, INC.",27,N/A,No,No,No
"Analytical AI, LLC",1,4,No,Unavailable,No
"ANALYTICAL BIOLOGICAL SERVICES, INC.",15,N/A,No,No,No
ANALYTICAL BIOTECHNOLOGY SRVS,1,N/A,No,No,No
"Analytical Designs, Inc.",2,10,No,No,No
Analytical Detection LLC,1,4,No,No,No
"Analytical Diagnostics Solutions, Inc",7,5,No,No,No
"ANALYTICAL ENGINEERING, INC.",11,49,Yes,Yes,No
Analytical Instrument Systems Inc,9,6,No,No,No
"ANALYTICAL MANAGEMENT LABORATORIES, INC.",1,16,No,Yes,No
"ANALYTICAL MECHANICS ASSOCIATES, INC. ",21,374,No,No,No
"ANALYTICAL SCIENCES, INC.",4,N/A,No,No,No
ANALYTICAL SERVICES &amp; MATERIALS INC,30,80,Yes,Yes,No
"Analytical Services, Inc.",26,145,No,Yes,No
"Analytical Spectral Devices,",7,10,No,No,No
Analyze Inc,1,N/A,No,No,No
"ANAMED, INC.",4,N/A,No,No,No
"Anamet Laboratorytories, In",19,35,No,No,No
"Anametric, Inc.",2,4,No,No,No
ANASAZI BIOMEDICAL RESEARCH,5,N/A,Yes,Yes,No
"ANASPEC, INC.",3,N/A,No,No,No
"Anasphere, Inc",29,6,No,No,No
Anasys Instruments Corp. ,32,17,No,No,No
"Anatagen Pharmaceuticals, Inc.",6,N/A,No,No,No
Anatech International Corp.,3,7,No,No,No
ANATOMIX,5,N/A,No,No,No
"ANATOMYWORKS, LLC",5,0,No,No,No
"ANATRACE, INC.",37,N/A,No,No,No
"Anautics, Inc.",21,41,No,No,No
"AnaVation, LLC",3,150,No,No,No
"Anawah, Inc.",6,N/A,No,No,No
AnCatt Inc.,2,3,No,No,No
"Ancera, Inc.",2,10,No,No,No
Anchor Science LLC,1,4,Yes,No,No
Anchor Technology Inc,2,2,Yes,No,No
"ANCHORE, INC.",3,74,No,No,No
"ANCHORED RSK3 INHIBITORS, LLC",1,2,No,No,No
"Anchovi Labs, Inc",1,5,No,No,No
"ANCILE PHARMACEUTICALS, INC.",4,N/A,No,No,No
"ANCILIA, INC.",1,7,Yes,No,No
"ANCO ENGINEERS, INC.",32,9,No,No,No
"ANCORA PHARMACEUTICALS, INC.",5,N/A,No,No,No
Ancore Corp.,1,35,No,No,No
"Ancure, LLC",3,2,No,No,No
"ANDALYZE, INC.",13,15,No,No,No
"Andamio Games, LLC",3,4,No,No,No
"Andeen-Hagerling, Inc.",3,14,No,No,No
